-- Data generated for customer
INSERT INTO customer (customer_id, first_name, last_name, email, created_at) VALUES (1, 'Patricia', 'Garcia', 'patricia.garcia.1@example.com', '2021-05-30 05:03:13');
INSERT INTO customer (customer_id, first_name, last_name, email, created_at) VALUES (2, 'Linda', 'Garcia', 'linda.garcia.2@example.com', '2024-01-19 08:12:43');
INSERT INTO customer (customer_id, first_name, last_name, email, created_at) VALUES (3, 'James', 'Martinez', 'james.martinez.3@example.com', '2023-08-08 11:33:40');
INSERT INTO customer (customer_id, first_name, last_name, email, created_at) VALUES (4, 'John', 'Jones', 'john.jones.4@example.com', '2021-09-03 18:43:36');
INSERT INTO customer (customer_id, first_name, last_name, email, created_at) VALUES (5, 'Patricia', 'Brown', 'patricia.brown.5@example.com', '2022-08-30 15:56:37');
INSERT INTO customer (customer_id, first_name, last_name, email, created_at) VALUES (6, 'William', 'Martinez', 'william.martinez.6@example.com', '2020-05-26 02:57:43');
INSERT INTO customer (customer_id, first_name, last_name, email, created_at) VALUES (7, 'Linda', 'Rodriguez', 'linda.rodriguez.7@example.com', '2024-12-04 17:42:55');
INSERT INTO customer (customer_id, first_name, last_name, email, created_at) VALUES (8, 'James', 'Brown', 'james.brown.8@example.com', '2023-09-02 16:06:54');
INSERT INTO customer (customer_id, first_name, last_name, email, created_at) VALUES (9, 'William', 'Garcia', 'william.garcia.9@example.com', '2022-08-28 22:14:35');
INSERT INTO customer (customer_id, first_name, last_name, email, created_at) VALUES (10, 'Linda', 'Johnson', 'linda.johnson.10@example.com', '2023-02-10 08:48:13');
INSERT INTO customer (customer_id, first_name, last_name, email, created_at) VALUES (11, 'James', 'Johnson', 'james.johnson.11@example.com', '2022-09-16 18:01:55');
INSERT INTO customer (customer_id, first_name, last_name, email, created_at) VALUES (12, 'Elizabeth', 'Miller', 'elizabeth.miller.12@example.com', '2024-11-16 17:20:44');
INSERT INTO customer (customer_id, first_name, last_name, email, created_at) VALUES (13, 'Elizabeth', 'Brown', 'elizabeth.brown.13@example.com', '2021-08-19 08:50:09');
INSERT INTO customer (customer_id, first_name, last_name, email, created_at) VALUES (14, 'James', 'Smith', 'james.smith.14@example.com', '2023-01-30 23:53:41');
INSERT INTO customer (customer_id, first_name, last_name, email, created_at) VALUES (15, 'Robert', 'Garcia', 'robert.garcia.15@example.com', '2023-08-23 16:17:29');
INSERT INTO customer (customer_id, first_name, last_name, email, created_at) VALUES (16, 'Patricia', 'Rodriguez', 'patricia.rodriguez.16@example.com', '2021-04-22 11:38:06');
INSERT INTO customer (customer_id, first_name, last_name, email, created_at) VALUES (17, 'Patricia', 'Garcia', 'patricia.garcia.17@example.com', '2024-03-26 20:04:54');
INSERT INTO customer (customer_id, first_name, last_name, email, created_at) VALUES (18, 'James', 'Garcia', 'james.garcia.18@example.com', '2022-01-30 18:02:51');
INSERT INTO customer (customer_id, first_name, last_name, email, created_at) VALUES (19, 'Linda', 'Miller', 'linda.miller.19@example.com', '2023-10-04 01:20:40');
INSERT INTO customer (customer_id, first_name, last_name, email, created_at) VALUES (20, 'James', 'Smith', 'james.smith.20@example.com', '2021-11-02 04:47:16');
INSERT INTO customer (customer_id, first_name, last_name, email, created_at) VALUES (21, 'John', 'Garcia', 'john.garcia.21@example.com', '2024-09-19 05:00:05');
INSERT INTO customer (customer_id, first_name, last_name, email, created_at) VALUES (22, 'Patricia', 'Jones', 'patricia.jones.22@example.com', '2024-05-10 12:40:25');
INSERT INTO customer (customer_id, first_name, last_name, email, created_at) VALUES (23, 'Robert', 'Williams', 'robert.williams.23@example.com', '2022-11-25 16:02:54');
INSERT INTO customer (customer_id, first_name, last_name, email, created_at) VALUES (24, 'Jennifer', 'Miller', 'jennifer.miller.24@example.com', '2020-12-08 01:07:54');
INSERT INTO customer (customer_id, first_name, last_name, email, created_at) VALUES (25, 'Patricia', 'Johnson', 'patricia.johnson.25@example.com', '2021-06-21 02:13:42');
INSERT INTO customer (customer_id, first_name, last_name, email, created_at) VALUES (26, 'Patricia', 'Garcia', 'patricia.garcia.26@example.com', '2023-04-24 11:42:35');
INSERT INTO customer (customer_id, first_name, last_name, email, created_at) VALUES (27, 'Michael', 'Martinez', 'michael.martinez.27@example.com', '2022-03-05 16:19:39');
INSERT INTO customer (customer_id, first_name, last_name, email, created_at) VALUES (28, 'Mary', 'Brown', 'mary.brown.28@example.com', '2024-07-02 06:26:12');
INSERT INTO customer (customer_id, first_name, last_name, email, created_at) VALUES (29, 'Patricia', 'Martinez', 'patricia.martinez.29@example.com', '2020-02-06 16:24:47');
INSERT INTO customer (customer_id, first_name, last_name, email, created_at) VALUES (30, 'Linda', 'Rodriguez', 'linda.rodriguez.30@example.com', '2022-08-29 03:10:28');
INSERT INTO customer (customer_id, first_name, last_name, email, created_at) VALUES (31, 'William', 'Williams', 'william.williams.31@example.com', '2024-05-27 08:31:13');
INSERT INTO customer (customer_id, first_name, last_name, email, created_at) VALUES (32, 'Patricia', 'Johnson', 'patricia.johnson.32@example.com', '2021-05-23 18:30:45');
INSERT INTO customer (customer_id, first_name, last_name, email, created_at) VALUES (33, 'James', 'Martinez', 'james.martinez.33@example.com', '2024-05-21 06:38:06');
INSERT INTO customer (customer_id, first_name, last_name, email, created_at) VALUES (34, 'Elizabeth', 'Brown', 'elizabeth.brown.34@example.com', '2023-01-23 06:11:35');
INSERT INTO customer (customer_id, first_name, last_name, email, created_at) VALUES (35, 'James', 'Miller', 'james.miller.35@example.com', '2020-07-02 13:05:55');
INSERT INTO customer (customer_id, first_name, last_name, email, created_at) VALUES (36, 'Michael', 'Smith', 'michael.smith.36@example.com', '2021-08-04 17:14:49');
INSERT INTO customer (customer_id, first_name, last_name, email, created_at) VALUES (37, 'Mary', 'Brown', 'mary.brown.37@example.com', '2020-01-20 08:53:44');
INSERT INTO customer (customer_id, first_name, last_name, email, created_at) VALUES (38, 'Robert', 'Rodriguez', 'robert.rodriguez.38@example.com', '2024-11-30 04:57:25');
INSERT INTO customer (customer_id, first_name, last_name, email, created_at) VALUES (39, 'Linda', 'Davis', 'linda.davis.39@example.com', '2020-05-03 14:23:41');
INSERT INTO customer (customer_id, first_name, last_name, email, created_at) VALUES (40, 'John', 'Davis', 'john.davis.40@example.com', '2021-03-31 21:39:16');
INSERT INTO customer (customer_id, first_name, last_name, email, created_at) VALUES (41, 'William', 'Johnson', 'william.johnson.41@example.com', '2024-11-26 19:43:59');
INSERT INTO customer (customer_id, first_name, last_name, email, created_at) VALUES (42, 'William', 'Smith', 'william.smith.42@example.com', '2020-06-30 03:36:46');
INSERT INTO customer (customer_id, first_name, last_name, email, created_at) VALUES (43, 'Mary', 'Johnson', 'mary.johnson.43@example.com', '2023-04-20 17:10:35');
INSERT INTO customer (customer_id, first_name, last_name, email, created_at) VALUES (44, 'Linda', 'Jones', 'linda.jones.44@example.com', '2023-03-10 07:06:19');
INSERT INTO customer (customer_id, first_name, last_name, email, created_at) VALUES (45, 'Patricia', 'Davis', 'patricia.davis.45@example.com', '2020-10-22 20:32:39');
INSERT INTO customer (customer_id, first_name, last_name, email, created_at) VALUES (46, 'John', 'Miller', 'john.miller.46@example.com', '2024-08-12 10:04:25');
INSERT INTO customer (customer_id, first_name, last_name, email, created_at) VALUES (47, 'Jennifer', 'Jones', 'jennifer.jones.47@example.com', '2024-09-30 21:16:30');
INSERT INTO customer (customer_id, first_name, last_name, email, created_at) VALUES (48, 'Linda', 'Miller', 'linda.miller.48@example.com', '2022-05-02 04:31:44');
INSERT INTO customer (customer_id, first_name, last_name, email, created_at) VALUES (49, 'Mary', 'Smith', 'mary.smith.49@example.com', '2024-09-20 05:44:38');
INSERT INTO customer (customer_id, first_name, last_name, email, created_at) VALUES (50, 'John', 'Garcia', 'john.garcia.50@example.com', '2024-02-27 02:35:27');
INSERT INTO customer (customer_id, first_name, last_name, email, created_at) VALUES (51, 'Robert', 'Jones', 'robert.jones.51@example.com', '2021-08-30 12:14:45');
INSERT INTO customer (customer_id, first_name, last_name, email, created_at) VALUES (52, 'William', 'Davis', 'william.davis.52@example.com', '2021-12-08 12:05:33');
INSERT INTO customer (customer_id, first_name, last_name, email, created_at) VALUES (53, 'Mary', 'Smith', 'mary.smith.53@example.com', '2021-04-29 15:06:14');
INSERT INTO customer (customer_id, first_name, last_name, email, created_at) VALUES (54, 'Robert', 'Johnson', 'robert.johnson.54@example.com', '2023-07-30 22:41:25');
INSERT INTO customer (customer_id, first_name, last_name, email, created_at) VALUES (55, 'Mary', 'Martinez', 'mary.martinez.55@example.com', '2020-02-23 22:06:00');
INSERT INTO customer (customer_id, first_name, last_name, email, created_at) VALUES (56, 'Jennifer', 'Smith', 'jennifer.smith.56@example.com', '2023-07-01 07:45:41');
INSERT INTO customer (customer_id, first_name, last_name, email, created_at) VALUES (57, 'Elizabeth', 'Brown', 'elizabeth.brown.57@example.com', '2022-07-29 00:38:50');
INSERT INTO customer (customer_id, first_name, last_name, email, created_at) VALUES (58, 'Robert', 'Garcia', 'robert.garcia.58@example.com', '2024-05-27 18:36:09');
INSERT INTO customer (customer_id, first_name, last_name, email, created_at) VALUES (59, 'Mary', 'Brown', 'mary.brown.59@example.com', '2020-02-14 04:39:47');
INSERT INTO customer (customer_id, first_name, last_name, email, created_at) VALUES (60, 'John', 'Smith', 'john.smith.60@example.com', '2021-10-02 05:10:52');
INSERT INTO customer (customer_id, first_name, last_name, email, created_at) VALUES (61, 'James', 'Brown', 'james.brown.61@example.com', '2023-03-14 17:47:17');
INSERT INTO customer (customer_id, first_name, last_name, email, created_at) VALUES (62, 'Elizabeth', 'Brown', 'elizabeth.brown.62@example.com', '2024-06-05 22:13:17');
INSERT INTO customer (customer_id, first_name, last_name, email, created_at) VALUES (63, 'William', 'Garcia', 'william.garcia.63@example.com', '2024-10-12 16:14:23');
INSERT INTO customer (customer_id, first_name, last_name, email, created_at) VALUES (64, 'Linda', 'Williams', 'linda.williams.64@example.com', '2020-10-03 02:47:53');
INSERT INTO customer (customer_id, first_name, last_name, email, created_at) VALUES (65, 'John', 'Davis', 'john.davis.65@example.com', '2022-12-23 07:19:13');
INSERT INTO customer (customer_id, first_name, last_name, email, created_at) VALUES (66, 'Robert', 'Rodriguez', 'robert.rodriguez.66@example.com', '2020-08-26 01:15:42');
INSERT INTO customer (customer_id, first_name, last_name, email, created_at) VALUES (67, 'James', 'Smith', 'james.smith.67@example.com', '2020-08-18 00:04:35');
INSERT INTO customer (customer_id, first_name, last_name, email, created_at) VALUES (68, 'Elizabeth', 'Martinez', 'elizabeth.martinez.68@example.com', '2020-09-29 14:13:02');
INSERT INTO customer (customer_id, first_name, last_name, email, created_at) VALUES (69, 'John', 'Miller', 'john.miller.69@example.com', '2024-09-26 05:34:49');
INSERT INTO customer (customer_id, first_name, last_name, email, created_at) VALUES (70, 'William', 'Garcia', 'william.garcia.70@example.com', '2023-11-07 11:49:42');
INSERT INTO customer (customer_id, first_name, last_name, email, created_at) VALUES (71, 'Linda', 'Williams', 'linda.williams.71@example.com', '2021-11-03 22:07:47');
INSERT INTO customer (customer_id, first_name, last_name, email, created_at) VALUES (72, 'Michael', 'Williams', 'michael.williams.72@example.com', '2023-02-13 01:12:26');
INSERT INTO customer (customer_id, first_name, last_name, email, created_at) VALUES (73, 'Patricia', 'Jones', 'patricia.jones.73@example.com', '2021-07-11 14:31:31');
INSERT INTO customer (customer_id, first_name, last_name, email, created_at) VALUES (74, 'William', 'Jones', 'william.jones.74@example.com', '2023-08-03 05:52:23');
INSERT INTO customer (customer_id, first_name, last_name, email, created_at) VALUES (75, 'Michael', 'Williams', 'michael.williams.75@example.com', '2022-03-16 14:10:58');
INSERT INTO customer (customer_id, first_name, last_name, email, created_at) VALUES (76, 'Linda', 'Smith', 'linda.smith.76@example.com', '2021-10-14 17:39:07');
INSERT INTO customer (customer_id, first_name, last_name, email, created_at) VALUES (77, 'Patricia', 'Miller', 'patricia.miller.77@example.com', '2022-03-05 08:08:26');
INSERT INTO customer (customer_id, first_name, last_name, email, created_at) VALUES (78, 'William', 'Garcia', 'william.garcia.78@example.com', '2020-09-18 14:17:38');
INSERT INTO customer (customer_id, first_name, last_name, email, created_at) VALUES (79, 'James', 'Martinez', 'james.martinez.79@example.com', '2020-02-10 21:10:10');
INSERT INTO customer (customer_id, first_name, last_name, email, created_at) VALUES (80, 'William', 'Brown', 'william.brown.80@example.com', '2023-09-21 11:58:44');
INSERT INTO customer (customer_id, first_name, last_name, email, created_at) VALUES (81, 'Michael', 'Rodriguez', 'michael.rodriguez.81@example.com', '2024-08-17 03:02:54');
INSERT INTO customer (customer_id, first_name, last_name, email, created_at) VALUES (82, 'Robert', 'Rodriguez', 'robert.rodriguez.82@example.com', '2021-07-05 07:01:25');
INSERT INTO customer (customer_id, first_name, last_name, email, created_at) VALUES (83, 'Michael', 'Miller', 'michael.miller.83@example.com', '2021-01-21 11:01:17');
INSERT INTO customer (customer_id, first_name, last_name, email, created_at) VALUES (84, 'Linda', 'Brown', 'linda.brown.84@example.com', '2020-01-23 10:21:01');
INSERT INTO customer (customer_id, first_name, last_name, email, created_at) VALUES (85, 'Patricia', 'Martinez', 'patricia.martinez.85@example.com', '2023-08-10 20:19:09');
INSERT INTO customer (customer_id, first_name, last_name, email, created_at) VALUES (86, 'Patricia', 'Davis', 'patricia.davis.86@example.com', '2021-02-19 17:26:35');
INSERT INTO customer (customer_id, first_name, last_name, email, created_at) VALUES (87, 'Mary', 'Garcia', 'mary.garcia.87@example.com', '2023-04-20 12:55:31');
INSERT INTO customer (customer_id, first_name, last_name, email, created_at) VALUES (88, 'Patricia', 'Miller', 'patricia.miller.88@example.com', '2024-03-10 09:17:20');
INSERT INTO customer (customer_id, first_name, last_name, email, created_at) VALUES (89, 'Jennifer', 'Williams', 'jennifer.williams.89@example.com', '2022-10-27 04:28:35');
INSERT INTO customer (customer_id, first_name, last_name, email, created_at) VALUES (90, 'James', 'Brown', 'james.brown.90@example.com', '2021-08-29 10:04:12');
INSERT INTO customer (customer_id, first_name, last_name, email, created_at) VALUES (91, 'John', 'Johnson', 'john.johnson.91@example.com', '2021-12-19 10:00:02');
INSERT INTO customer (customer_id, first_name, last_name, email, created_at) VALUES (92, 'Jennifer', 'Garcia', 'jennifer.garcia.92@example.com', '2023-11-02 12:06:46');
INSERT INTO customer (customer_id, first_name, last_name, email, created_at) VALUES (93, 'Elizabeth', 'Miller', 'elizabeth.miller.93@example.com', '2020-05-07 08:23:39');
INSERT INTO customer (customer_id, first_name, last_name, email, created_at) VALUES (94, 'Mary', 'Williams', 'mary.williams.94@example.com', '2022-12-08 18:22:11');
INSERT INTO customer (customer_id, first_name, last_name, email, created_at) VALUES (95, 'Mary', 'Jones', 'mary.jones.95@example.com', '2023-09-05 08:42:35');
INSERT INTO customer (customer_id, first_name, last_name, email, created_at) VALUES (96, 'Linda', 'Rodriguez', 'linda.rodriguez.96@example.com', '2022-02-06 14:45:31');
INSERT INTO customer (customer_id, first_name, last_name, email, created_at) VALUES (97, 'James', 'Brown', 'james.brown.97@example.com', '2021-01-05 15:17:22');
INSERT INTO customer (customer_id, first_name, last_name, email, created_at) VALUES (98, 'Elizabeth', 'Rodriguez', 'elizabeth.rodriguez.98@example.com', '2024-03-12 12:24:02');
INSERT INTO customer (customer_id, first_name, last_name, email, created_at) VALUES (99, 'Jennifer', 'Miller', 'jennifer.miller.99@example.com', '2022-03-06 06:16:45');
INSERT INTO customer (customer_id, first_name, last_name, email, created_at) VALUES (100, 'Jennifer', 'Johnson', 'jennifer.johnson.100@example.com', '2024-08-26 07:08:39');

-- Data generated for customer_address
INSERT INTO customer_address (address_id, customer_id, address_line_1, city, state, zip_code, is_default_shipping) VALUES (1, 1, '7742 Main St', 'Dallas', 'TX', '41712', TRUE);
INSERT INTO customer_address (address_id, customer_id, address_line_1, city, state, zip_code, is_default_shipping) VALUES (2, 2, '3560 Main St', 'Los Angeles', 'CA', '37084', TRUE);
INSERT INTO customer_address (address_id, customer_id, address_line_1, city, state, zip_code, is_default_shipping) VALUES (3, 3, '2408 Main St', 'San Diego', 'CA', '25377', TRUE);
INSERT INTO customer_address (address_id, customer_id, address_line_1, city, state, zip_code, is_default_shipping) VALUES (4, 4, '5149 Main St', 'New York', 'NY', '84535', TRUE);
INSERT INTO customer_address (address_id, customer_id, address_line_1, city, state, zip_code, is_default_shipping) VALUES (5, 5, '3099 Main St', 'Chicago', 'IL', '57537', TRUE);
INSERT INTO customer_address (address_id, customer_id, address_line_1, city, state, zip_code, is_default_shipping) VALUES (6, 6, '3114 Main St', 'San Jose', 'CA', '67660', TRUE);
INSERT INTO customer_address (address_id, customer_id, address_line_1, city, state, zip_code, is_default_shipping) VALUES (7, 7, '6488 Main St', 'Phoenix', 'AZ', '11825', TRUE);
INSERT INTO customer_address (address_id, customer_id, address_line_1, city, state, zip_code, is_default_shipping) VALUES (8, 8, '6943 Main St', 'Houston', 'TX', '13928', TRUE);
INSERT INTO customer_address (address_id, customer_id, address_line_1, city, state, zip_code, is_default_shipping) VALUES (9, 9, '7648 Main St', 'San Jose', 'CA', '31082', TRUE);
INSERT INTO customer_address (address_id, customer_id, address_line_1, city, state, zip_code, is_default_shipping) VALUES (10, 10, '5002 Main St', 'Philadelphia', 'PA', '66281', TRUE);
INSERT INTO customer_address (address_id, customer_id, address_line_1, city, state, zip_code, is_default_shipping) VALUES (11, 11, '4589 Main St', 'San Jose', 'CA', '51541', TRUE);
INSERT INTO customer_address (address_id, customer_id, address_line_1, city, state, zip_code, is_default_shipping) VALUES (12, 12, '5735 Main St', 'Chicago', 'IL', '15059', TRUE);
INSERT INTO customer_address (address_id, customer_id, address_line_1, city, state, zip_code, is_default_shipping) VALUES (13, 13, '9951 Main St', 'Phoenix', 'AZ', '23674', TRUE);
INSERT INTO customer_address (address_id, customer_id, address_line_1, city, state, zip_code, is_default_shipping) VALUES (14, 14, '4143 Main St', 'San Diego', 'CA', '39443', TRUE);
INSERT INTO customer_address (address_id, customer_id, address_line_1, city, state, zip_code, is_default_shipping) VALUES (15, 15, '112 Main St', 'Los Angeles', 'CA', '77001', TRUE);
INSERT INTO customer_address (address_id, customer_id, address_line_1, city, state, zip_code, is_default_shipping) VALUES (16, 16, '6518 Main St', 'Philadelphia', 'PA', '36825', TRUE);
INSERT INTO customer_address (address_id, customer_id, address_line_1, city, state, zip_code, is_default_shipping) VALUES (17, 17, '4685 Main St', 'San Jose', 'CA', '99620', TRUE);
INSERT INTO customer_address (address_id, customer_id, address_line_1, city, state, zip_code, is_default_shipping) VALUES (18, 18, '2624 Main St', 'Phoenix', 'AZ', '33167', TRUE);
INSERT INTO customer_address (address_id, customer_id, address_line_1, city, state, zip_code, is_default_shipping) VALUES (19, 19, '760 Main St', 'San Diego', 'CA', '33060', TRUE);
INSERT INTO customer_address (address_id, customer_id, address_line_1, city, state, zip_code, is_default_shipping) VALUES (20, 20, '7993 Main St', 'San Antonio', 'TX', '10978', TRUE);
INSERT INTO customer_address (address_id, customer_id, address_line_1, city, state, zip_code, is_default_shipping) VALUES (21, 21, '4858 Main St', 'San Diego', 'CA', '49516', TRUE);
INSERT INTO customer_address (address_id, customer_id, address_line_1, city, state, zip_code, is_default_shipping) VALUES (22, 22, '8396 Main St', 'Philadelphia', 'PA', '74294', TRUE);
INSERT INTO customer_address (address_id, customer_id, address_line_1, city, state, zip_code, is_default_shipping) VALUES (23, 23, '8565 Main St', 'New York', 'NY', '92299', TRUE);
INSERT INTO customer_address (address_id, customer_id, address_line_1, city, state, zip_code, is_default_shipping) VALUES (24, 24, '7542 Main St', 'Chicago', 'IL', '25416', TRUE);
INSERT INTO customer_address (address_id, customer_id, address_line_1, city, state, zip_code, is_default_shipping) VALUES (25, 25, '9047 Main St', 'New York', 'NY', '96627', TRUE);
INSERT INTO customer_address (address_id, customer_id, address_line_1, city, state, zip_code, is_default_shipping) VALUES (26, 26, '470 Main St', 'San Antonio', 'TX', '61765', TRUE);
INSERT INTO customer_address (address_id, customer_id, address_line_1, city, state, zip_code, is_default_shipping) VALUES (27, 27, '4285 Main St', 'San Jose', 'CA', '34560', TRUE);
INSERT INTO customer_address (address_id, customer_id, address_line_1, city, state, zip_code, is_default_shipping) VALUES (28, 28, '4175 Main St', 'San Jose', 'CA', '93888', TRUE);
INSERT INTO customer_address (address_id, customer_id, address_line_1, city, state, zip_code, is_default_shipping) VALUES (29, 29, '3845 Main St', 'Philadelphia', 'PA', '19898', TRUE);
INSERT INTO customer_address (address_id, customer_id, address_line_1, city, state, zip_code, is_default_shipping) VALUES (30, 30, '7607 Main St', 'San Diego', 'CA', '54767', TRUE);
INSERT INTO customer_address (address_id, customer_id, address_line_1, city, state, zip_code, is_default_shipping) VALUES (31, 31, '7980 Main St', 'San Diego', 'CA', '10892', TRUE);
INSERT INTO customer_address (address_id, customer_id, address_line_1, city, state, zip_code, is_default_shipping) VALUES (32, 32, '2382 Main St', 'Houston', 'TX', '42205', TRUE);
INSERT INTO customer_address (address_id, customer_id, address_line_1, city, state, zip_code, is_default_shipping) VALUES (33, 33, '1911 Main St', 'New York', 'NY', '78266', TRUE);
INSERT INTO customer_address (address_id, customer_id, address_line_1, city, state, zip_code, is_default_shipping) VALUES (34, 34, '9295 Main St', 'San Jose', 'CA', '18140', TRUE);
INSERT INTO customer_address (address_id, customer_id, address_line_1, city, state, zip_code, is_default_shipping) VALUES (35, 35, '1343 Main St', 'Chicago', 'IL', '41967', TRUE);
INSERT INTO customer_address (address_id, customer_id, address_line_1, city, state, zip_code, is_default_shipping) VALUES (36, 36, '5917 Main St', 'San Diego', 'CA', '10695', TRUE);
INSERT INTO customer_address (address_id, customer_id, address_line_1, city, state, zip_code, is_default_shipping) VALUES (37, 37, '2771 Main St', 'Phoenix', 'AZ', '20294', TRUE);
INSERT INTO customer_address (address_id, customer_id, address_line_1, city, state, zip_code, is_default_shipping) VALUES (38, 38, '1109 Main St', 'San Jose', 'CA', '33899', TRUE);
INSERT INTO customer_address (address_id, customer_id, address_line_1, city, state, zip_code, is_default_shipping) VALUES (39, 39, '7656 Main St', 'Houston', 'TX', '10352', TRUE);
INSERT INTO customer_address (address_id, customer_id, address_line_1, city, state, zip_code, is_default_shipping) VALUES (40, 40, '2037 Main St', 'San Antonio', 'TX', '44723', TRUE);
INSERT INTO customer_address (address_id, customer_id, address_line_1, city, state, zip_code, is_default_shipping) VALUES (41, 41, '3259 Main St', 'New York', 'NY', '54700', TRUE);
INSERT INTO customer_address (address_id, customer_id, address_line_1, city, state, zip_code, is_default_shipping) VALUES (42, 42, '4527 Main St', 'San Antonio', 'TX', '33481', TRUE);
INSERT INTO customer_address (address_id, customer_id, address_line_1, city, state, zip_code, is_default_shipping) VALUES (43, 43, '289 Main St', 'Los Angeles', 'CA', '15265', TRUE);
INSERT INTO customer_address (address_id, customer_id, address_line_1, city, state, zip_code, is_default_shipping) VALUES (44, 44, '3795 Main St', 'Chicago', 'IL', '69624', TRUE);
INSERT INTO customer_address (address_id, customer_id, address_line_1, city, state, zip_code, is_default_shipping) VALUES (45, 45, '2146 Main St', 'Dallas', 'TX', '83434', TRUE);
INSERT INTO customer_address (address_id, customer_id, address_line_1, city, state, zip_code, is_default_shipping) VALUES (46, 46, '2835 Main St', 'San Diego', 'CA', '40908', TRUE);
INSERT INTO customer_address (address_id, customer_id, address_line_1, city, state, zip_code, is_default_shipping) VALUES (47, 47, '4310 Main St', 'San Antonio', 'TX', '40691', TRUE);
INSERT INTO customer_address (address_id, customer_id, address_line_1, city, state, zip_code, is_default_shipping) VALUES (48, 48, '3800 Main St', 'San Antonio', 'TX', '83634', TRUE);
INSERT INTO customer_address (address_id, customer_id, address_line_1, city, state, zip_code, is_default_shipping) VALUES (49, 49, '6796 Main St', 'Los Angeles', 'CA', '62901', TRUE);
INSERT INTO customer_address (address_id, customer_id, address_line_1, city, state, zip_code, is_default_shipping) VALUES (50, 50, '8404 Main St', 'San Jose', 'CA', '75694', TRUE);
INSERT INTO customer_address (address_id, customer_id, address_line_1, city, state, zip_code, is_default_shipping) VALUES (51, 51, '1982 Main St', 'Phoenix', 'AZ', '96604', TRUE);
INSERT INTO customer_address (address_id, customer_id, address_line_1, city, state, zip_code, is_default_shipping) VALUES (52, 52, '5634 Main St', 'Philadelphia', 'PA', '67446', TRUE);
INSERT INTO customer_address (address_id, customer_id, address_line_1, city, state, zip_code, is_default_shipping) VALUES (53, 53, '9455 Main St', 'Chicago', 'IL', '56902', TRUE);
INSERT INTO customer_address (address_id, customer_id, address_line_1, city, state, zip_code, is_default_shipping) VALUES (54, 54, '2403 Main St', 'San Jose', 'CA', '72430', TRUE);
INSERT INTO customer_address (address_id, customer_id, address_line_1, city, state, zip_code, is_default_shipping) VALUES (55, 55, '6871 Main St', 'San Diego', 'CA', '78856', TRUE);
INSERT INTO customer_address (address_id, customer_id, address_line_1, city, state, zip_code, is_default_shipping) VALUES (56, 56, '1530 Main St', 'Philadelphia', 'PA', '36864', TRUE);
INSERT INTO customer_address (address_id, customer_id, address_line_1, city, state, zip_code, is_default_shipping) VALUES (57, 57, '4118 Main St', 'Houston', 'TX', '27335', TRUE);
INSERT INTO customer_address (address_id, customer_id, address_line_1, city, state, zip_code, is_default_shipping) VALUES (58, 58, '4642 Main St', 'Dallas', 'TX', '38771', TRUE);
INSERT INTO customer_address (address_id, customer_id, address_line_1, city, state, zip_code, is_default_shipping) VALUES (59, 59, '7859 Main St', 'San Antonio', 'TX', '60738', TRUE);
INSERT INTO customer_address (address_id, customer_id, address_line_1, city, state, zip_code, is_default_shipping) VALUES (60, 60, '4188 Main St', 'San Diego', 'CA', '91952', TRUE);
INSERT INTO customer_address (address_id, customer_id, address_line_1, city, state, zip_code, is_default_shipping) VALUES (61, 61, '2054 Main St', 'San Diego', 'CA', '70237', TRUE);
INSERT INTO customer_address (address_id, customer_id, address_line_1, city, state, zip_code, is_default_shipping) VALUES (62, 62, '9703 Main St', 'San Diego', 'CA', '33850', TRUE);
INSERT INTO customer_address (address_id, customer_id, address_line_1, city, state, zip_code, is_default_shipping) VALUES (63, 63, '9218 Main St', 'San Antonio', 'TX', '22053', TRUE);
INSERT INTO customer_address (address_id, customer_id, address_line_1, city, state, zip_code, is_default_shipping) VALUES (64, 64, '7065 Main St', 'San Antonio', 'TX', '68064', TRUE);
INSERT INTO customer_address (address_id, customer_id, address_line_1, city, state, zip_code, is_default_shipping) VALUES (65, 65, '5549 Main St', 'Phoenix', 'AZ', '22073', TRUE);
INSERT INTO customer_address (address_id, customer_id, address_line_1, city, state, zip_code, is_default_shipping) VALUES (66, 66, '5186 Main St', 'Houston', 'TX', '46077', TRUE);
INSERT INTO customer_address (address_id, customer_id, address_line_1, city, state, zip_code, is_default_shipping) VALUES (67, 67, '5874 Main St', 'Chicago', 'IL', '42458', TRUE);
INSERT INTO customer_address (address_id, customer_id, address_line_1, city, state, zip_code, is_default_shipping) VALUES (68, 68, '8039 Main St', 'San Jose', 'CA', '94390', TRUE);
INSERT INTO customer_address (address_id, customer_id, address_line_1, city, state, zip_code, is_default_shipping) VALUES (69, 69, '4937 Main St', 'San Jose', 'CA', '65668', TRUE);
INSERT INTO customer_address (address_id, customer_id, address_line_1, city, state, zip_code, is_default_shipping) VALUES (70, 70, '4584 Main St', 'San Diego', 'CA', '87370', TRUE);
INSERT INTO customer_address (address_id, customer_id, address_line_1, city, state, zip_code, is_default_shipping) VALUES (71, 71, '4144 Main St', 'Chicago', 'IL', '84325', TRUE);
INSERT INTO customer_address (address_id, customer_id, address_line_1, city, state, zip_code, is_default_shipping) VALUES (72, 72, '5172 Main St', 'Chicago', 'IL', '98379', TRUE);
INSERT INTO customer_address (address_id, customer_id, address_line_1, city, state, zip_code, is_default_shipping) VALUES (73, 73, '5573 Main St', 'San Diego', 'CA', '38470', TRUE);
INSERT INTO customer_address (address_id, customer_id, address_line_1, city, state, zip_code, is_default_shipping) VALUES (74, 74, '1719 Main St', 'San Diego', 'CA', '82728', TRUE);
INSERT INTO customer_address (address_id, customer_id, address_line_1, city, state, zip_code, is_default_shipping) VALUES (75, 75, '3925 Main St', 'New York', 'NY', '24490', TRUE);
INSERT INTO customer_address (address_id, customer_id, address_line_1, city, state, zip_code, is_default_shipping) VALUES (76, 76, '6610 Main St', 'Houston', 'TX', '26568', TRUE);
INSERT INTO customer_address (address_id, customer_id, address_line_1, city, state, zip_code, is_default_shipping) VALUES (77, 77, '9286 Main St', 'San Antonio', 'TX', '94582', TRUE);
INSERT INTO customer_address (address_id, customer_id, address_line_1, city, state, zip_code, is_default_shipping) VALUES (78, 78, '6057 Main St', 'Phoenix', 'AZ', '69195', TRUE);
INSERT INTO customer_address (address_id, customer_id, address_line_1, city, state, zip_code, is_default_shipping) VALUES (79, 79, '7053 Main St', 'San Antonio', 'TX', '15540', TRUE);
INSERT INTO customer_address (address_id, customer_id, address_line_1, city, state, zip_code, is_default_shipping) VALUES (80, 80, '730 Main St', 'San Jose', 'CA', '90462', TRUE);
INSERT INTO customer_address (address_id, customer_id, address_line_1, city, state, zip_code, is_default_shipping) VALUES (81, 81, '8486 Main St', 'San Antonio', 'TX', '67768', TRUE);
INSERT INTO customer_address (address_id, customer_id, address_line_1, city, state, zip_code, is_default_shipping) VALUES (82, 82, '6511 Main St', 'Philadelphia', 'PA', '20314', TRUE);
INSERT INTO customer_address (address_id, customer_id, address_line_1, city, state, zip_code, is_default_shipping) VALUES (83, 83, '9361 Main St', 'Chicago', 'IL', '35643', TRUE);
INSERT INTO customer_address (address_id, customer_id, address_line_1, city, state, zip_code, is_default_shipping) VALUES (84, 84, '5778 Main St', 'New York', 'NY', '69477', TRUE);
INSERT INTO customer_address (address_id, customer_id, address_line_1, city, state, zip_code, is_default_shipping) VALUES (85, 85, '173 Main St', 'San Antonio', 'TX', '90627', TRUE);
INSERT INTO customer_address (address_id, customer_id, address_line_1, city, state, zip_code, is_default_shipping) VALUES (86, 86, '4680 Main St', 'Houston', 'TX', '17522', TRUE);
INSERT INTO customer_address (address_id, customer_id, address_line_1, city, state, zip_code, is_default_shipping) VALUES (87, 87, '172 Main St', 'Dallas', 'TX', '50338', TRUE);
INSERT INTO customer_address (address_id, customer_id, address_line_1, city, state, zip_code, is_default_shipping) VALUES (88, 88, '2995 Main St', 'Houston', 'TX', '98144', TRUE);
INSERT INTO customer_address (address_id, customer_id, address_line_1, city, state, zip_code, is_default_shipping) VALUES (89, 89, '7216 Main St', 'San Diego', 'CA', '78625', TRUE);
INSERT INTO customer_address (address_id, customer_id, address_line_1, city, state, zip_code, is_default_shipping) VALUES (90, 90, '7490 Main St', 'Phoenix', 'AZ', '70450', TRUE);
INSERT INTO customer_address (address_id, customer_id, address_line_1, city, state, zip_code, is_default_shipping) VALUES (91, 91, '876 Main St', 'Phoenix', 'AZ', '86287', TRUE);
INSERT INTO customer_address (address_id, customer_id, address_line_1, city, state, zip_code, is_default_shipping) VALUES (92, 92, '1797 Main St', 'San Diego', 'CA', '83971', TRUE);
INSERT INTO customer_address (address_id, customer_id, address_line_1, city, state, zip_code, is_default_shipping) VALUES (93, 93, '9835 Main St', 'Chicago', 'IL', '65285', TRUE);
INSERT INTO customer_address (address_id, customer_id, address_line_1, city, state, zip_code, is_default_shipping) VALUES (94, 94, '9575 Main St', 'San Diego', 'CA', '64763', TRUE);
INSERT INTO customer_address (address_id, customer_id, address_line_1, city, state, zip_code, is_default_shipping) VALUES (95, 95, '7112 Main St', 'Phoenix', 'AZ', '58510', TRUE);
INSERT INTO customer_address (address_id, customer_id, address_line_1, city, state, zip_code, is_default_shipping) VALUES (96, 96, '2679 Main St', 'San Antonio', 'TX', '36913', TRUE);
INSERT INTO customer_address (address_id, customer_id, address_line_1, city, state, zip_code, is_default_shipping) VALUES (97, 97, '2825 Main St', 'San Jose', 'CA', '97257', TRUE);
INSERT INTO customer_address (address_id, customer_id, address_line_1, city, state, zip_code, is_default_shipping) VALUES (98, 98, '3172 Main St', 'Dallas', 'TX', '18686', TRUE);
INSERT INTO customer_address (address_id, customer_id, address_line_1, city, state, zip_code, is_default_shipping) VALUES (99, 99, '8815 Main St', 'Chicago', 'IL', '86592', TRUE);
INSERT INTO customer_address (address_id, customer_id, address_line_1, city, state, zip_code, is_default_shipping) VALUES (100, 100, '3075 Main St', 'Chicago', 'IL', '98209', TRUE);

-- Data generated for seller
INSERT INTO seller (seller_id, store_name, rating, joined_date) VALUES (1, 'Local Mart 1', 4.0, '2021-05-12');
INSERT INTO seller (seller_id, store_name, rating, joined_date) VALUES (2, 'Easy Shop 2', 3.6, '2021-03-15');
INSERT INTO seller (seller_id, store_name, rating, joined_date) VALUES (3, 'Local Boutique 3', 3.8, '2023-07-08');
INSERT INTO seller (seller_id, store_name, rating, joined_date) VALUES (4, 'Global Outlet 4', 3.7, '2024-07-31');
INSERT INTO seller (seller_id, store_name, rating, joined_date) VALUES (5, 'Top Outlet 5', 4.0, '2021-05-05');
INSERT INTO seller (seller_id, store_name, rating, joined_date) VALUES (6, 'Easy Supplies 6', 3.1, '2021-05-22');
INSERT INTO seller (seller_id, store_name, rating, joined_date) VALUES (7, 'Global Goods 7', 4.2, '2023-08-06');
INSERT INTO seller (seller_id, store_name, rating, joined_date) VALUES (8, 'Top Shop 8', 4.7, '2021-12-08');
INSERT INTO seller (seller_id, store_name, rating, joined_date) VALUES (9, 'Elite Outlet 9', 3.0, '2024-09-02');
INSERT INTO seller (seller_id, store_name, rating, joined_date) VALUES (10, 'Quality Market 10', 3.9, '2023-06-12');
INSERT INTO seller (seller_id, store_name, rating, joined_date) VALUES (11, 'Premium Boutique 11', 3.1, '2022-04-06');
INSERT INTO seller (seller_id, store_name, rating, joined_date) VALUES (12, 'Premium Market 12', 3.7, '2020-05-26');
INSERT INTO seller (seller_id, store_name, rating, joined_date) VALUES (13, 'Mega Store 13', 3.7, '2023-01-14');
INSERT INTO seller (seller_id, store_name, rating, joined_date) VALUES (14, 'Easy Outlet 14', 4.4, '2020-04-01');
INSERT INTO seller (seller_id, store_name, rating, joined_date) VALUES (15, 'Elite Market 15', 4.6, '2023-08-20');
INSERT INTO seller (seller_id, store_name, rating, joined_date) VALUES (16, 'Easy Vendors 16', 3.8, '2024-09-05');
INSERT INTO seller (seller_id, store_name, rating, joined_date) VALUES (17, 'Local Store 17', 4.8, '2021-02-28');
INSERT INTO seller (seller_id, store_name, rating, joined_date) VALUES (18, 'Global Vendors 18', 4.3, '2021-10-22');
INSERT INTO seller (seller_id, store_name, rating, joined_date) VALUES (19, 'Top Shop 19', 5.0, '2024-09-16');
INSERT INTO seller (seller_id, store_name, rating, joined_date) VALUES (20, 'Premium Market 20', 3.8, '2022-04-22');
INSERT INTO seller (seller_id, store_name, rating, joined_date) VALUES (21, 'Best Trade 21', 4.4, '2023-01-09');
INSERT INTO seller (seller_id, store_name, rating, joined_date) VALUES (22, 'Easy Shop 22', 4.4, '2022-11-29');
INSERT INTO seller (seller_id, store_name, rating, joined_date) VALUES (23, 'Top Outlet 23', 3.4, '2023-02-05');
INSERT INTO seller (seller_id, store_name, rating, joined_date) VALUES (24, 'Elite Outlet 24', 4.0, '2021-07-27');
INSERT INTO seller (seller_id, store_name, rating, joined_date) VALUES (25, 'Global Boutique 25', 4.8, '2023-01-31');
INSERT INTO seller (seller_id, store_name, rating, joined_date) VALUES (26, 'Quality Shop 26', 3.6, '2024-07-26');
INSERT INTO seller (seller_id, store_name, rating, joined_date) VALUES (27, 'Top Goods 27', 4.4, '2023-09-10');
INSERT INTO seller (seller_id, store_name, rating, joined_date) VALUES (28, 'Swift Goods 28', 3.5, '2020-10-10');
INSERT INTO seller (seller_id, store_name, rating, joined_date) VALUES (29, 'Swift Boutique 29', 3.8, '2023-08-05');
INSERT INTO seller (seller_id, store_name, rating, joined_date) VALUES (30, 'Quality Supplies 30', 3.1, '2020-06-14');
INSERT INTO seller (seller_id, store_name, rating, joined_date) VALUES (31, 'Mega Vendors 31', 4.1, '2020-03-06');
INSERT INTO seller (seller_id, store_name, rating, joined_date) VALUES (32, 'Quality Market 32', 4.8, '2022-12-19');
INSERT INTO seller (seller_id, store_name, rating, joined_date) VALUES (33, 'Elite Goods 33', 4.6, '2022-06-27');
INSERT INTO seller (seller_id, store_name, rating, joined_date) VALUES (34, 'Top Vendors 34', 4.0, '2023-10-11');
INSERT INTO seller (seller_id, store_name, rating, joined_date) VALUES (35, 'Local Mart 35', 4.7, '2021-11-17');
INSERT INTO seller (seller_id, store_name, rating, joined_date) VALUES (36, 'Premium Outlet 36', 3.9, '2022-02-04');
INSERT INTO seller (seller_id, store_name, rating, joined_date) VALUES (37, 'Mega Goods 37', 3.0, '2020-06-29');
INSERT INTO seller (seller_id, store_name, rating, joined_date) VALUES (38, 'Elite Vendors 38', 3.8, '2020-12-18');
INSERT INTO seller (seller_id, store_name, rating, joined_date) VALUES (39, 'Top Trade 39', 3.0, '2021-09-01');
INSERT INTO seller (seller_id, store_name, rating, joined_date) VALUES (40, 'Local Shop 40', 4.8, '2023-04-14');
INSERT INTO seller (seller_id, store_name, rating, joined_date) VALUES (41, 'Premium Goods 41', 5.0, '2020-04-11');
INSERT INTO seller (seller_id, store_name, rating, joined_date) VALUES (42, 'Premium Mart 42', 3.1, '2021-11-22');
INSERT INTO seller (seller_id, store_name, rating, joined_date) VALUES (43, 'Premium Market 43', 3.5, '2022-11-04');
INSERT INTO seller (seller_id, store_name, rating, joined_date) VALUES (44, 'Quality Shop 44', 3.7, '2024-06-11');
INSERT INTO seller (seller_id, store_name, rating, joined_date) VALUES (45, 'Easy Market 45', 4.4, '2020-01-22');
INSERT INTO seller (seller_id, store_name, rating, joined_date) VALUES (46, 'Global Trade 46', 3.1, '2021-02-04');
INSERT INTO seller (seller_id, store_name, rating, joined_date) VALUES (47, 'Quality Vendors 47', 3.9, '2022-04-11');
INSERT INTO seller (seller_id, store_name, rating, joined_date) VALUES (48, 'Elite Vendors 48', 4.5, '2024-11-10');
INSERT INTO seller (seller_id, store_name, rating, joined_date) VALUES (49, 'Global Vendors 49', 4.6, '2021-03-04');
INSERT INTO seller (seller_id, store_name, rating, joined_date) VALUES (50, 'Global Boutique 50', 3.4, '2023-01-17');
INSERT INTO seller (seller_id, store_name, rating, joined_date) VALUES (51, 'Mega Boutique 51', 3.3, '2023-11-07');
INSERT INTO seller (seller_id, store_name, rating, joined_date) VALUES (52, 'Mega Store 52', 3.6, '2024-04-24');
INSERT INTO seller (seller_id, store_name, rating, joined_date) VALUES (53, 'Premium Goods 53', 4.8, '2020-11-30');
INSERT INTO seller (seller_id, store_name, rating, joined_date) VALUES (54, 'Quality Trade 54', 3.3, '2020-05-31');
INSERT INTO seller (seller_id, store_name, rating, joined_date) VALUES (55, 'Best Trade 55', 4.0, '2020-10-20');
INSERT INTO seller (seller_id, store_name, rating, joined_date) VALUES (56, 'Global Boutique 56', 4.7, '2024-12-05');
INSERT INTO seller (seller_id, store_name, rating, joined_date) VALUES (57, 'Top Boutique 57', 3.7, '2021-03-04');
INSERT INTO seller (seller_id, store_name, rating, joined_date) VALUES (58, 'Local Supplies 58', 4.7, '2023-12-20');
INSERT INTO seller (seller_id, store_name, rating, joined_date) VALUES (59, 'Local Supplies 59', 4.2, '2020-02-19');
INSERT INTO seller (seller_id, store_name, rating, joined_date) VALUES (60, 'Local Outlet 60', 4.2, '2021-03-27');
INSERT INTO seller (seller_id, store_name, rating, joined_date) VALUES (61, 'Easy Boutique 61', 4.4, '2022-05-17');
INSERT INTO seller (seller_id, store_name, rating, joined_date) VALUES (62, 'Elite Outlet 62', 3.6, '2023-03-10');
INSERT INTO seller (seller_id, store_name, rating, joined_date) VALUES (63, 'Elite Vendors 63', 4.4, '2020-06-07');
INSERT INTO seller (seller_id, store_name, rating, joined_date) VALUES (64, 'Global Goods 64', 3.1, '2021-05-20');
INSERT INTO seller (seller_id, store_name, rating, joined_date) VALUES (65, 'Global Vendors 65', 3.0, '2024-10-28');
INSERT INTO seller (seller_id, store_name, rating, joined_date) VALUES (66, 'Best Outlet 66', 3.2, '2022-12-08');
INSERT INTO seller (seller_id, store_name, rating, joined_date) VALUES (67, 'Elite Supplies 67', 4.8, '2021-12-20');
INSERT INTO seller (seller_id, store_name, rating, joined_date) VALUES (68, 'Local Trade 68', 3.6, '2022-01-21');
INSERT INTO seller (seller_id, store_name, rating, joined_date) VALUES (69, 'Elite Supplies 69', 3.0, '2023-10-21');
INSERT INTO seller (seller_id, store_name, rating, joined_date) VALUES (70, 'Top Shop 70', 3.5, '2022-02-19');
INSERT INTO seller (seller_id, store_name, rating, joined_date) VALUES (71, 'Easy Market 71', 3.8, '2024-10-05');
INSERT INTO seller (seller_id, store_name, rating, joined_date) VALUES (72, 'Swift Supplies 72', 4.4, '2020-01-28');
INSERT INTO seller (seller_id, store_name, rating, joined_date) VALUES (73, 'Mega Boutique 73', 4.3, '2022-03-20');
INSERT INTO seller (seller_id, store_name, rating, joined_date) VALUES (74, 'Swift Trade 74', 3.6, '2020-09-07');
INSERT INTO seller (seller_id, store_name, rating, joined_date) VALUES (75, 'Mega Mart 75', 4.3, '2023-02-06');
INSERT INTO seller (seller_id, store_name, rating, joined_date) VALUES (76, 'Premium Goods 76', 3.2, '2024-04-29');
INSERT INTO seller (seller_id, store_name, rating, joined_date) VALUES (77, 'Elite Shop 77', 3.0, '2020-03-31');
INSERT INTO seller (seller_id, store_name, rating, joined_date) VALUES (78, 'Global Supplies 78', 3.9, '2021-03-13');
INSERT INTO seller (seller_id, store_name, rating, joined_date) VALUES (79, 'Premium Market 79', 4.4, '2023-10-25');
INSERT INTO seller (seller_id, store_name, rating, joined_date) VALUES (80, 'Easy Outlet 80', 4.9, '2021-11-03');
INSERT INTO seller (seller_id, store_name, rating, joined_date) VALUES (81, 'Easy Supplies 81', 3.7, '2024-03-29');
INSERT INTO seller (seller_id, store_name, rating, joined_date) VALUES (82, 'Quality Trade 82', 4.4, '2020-03-09');
INSERT INTO seller (seller_id, store_name, rating, joined_date) VALUES (83, 'Elite Vendors 83', 4.4, '2022-08-30');
INSERT INTO seller (seller_id, store_name, rating, joined_date) VALUES (84, 'Global Goods 84', 3.9, '2024-10-26');
INSERT INTO seller (seller_id, store_name, rating, joined_date) VALUES (85, 'Global Supplies 85', 3.3, '2023-07-06');
INSERT INTO seller (seller_id, store_name, rating, joined_date) VALUES (86, 'Easy Vendors 86', 4.7, '2020-03-18');
INSERT INTO seller (seller_id, store_name, rating, joined_date) VALUES (87, 'Mega Trade 87', 3.4, '2022-06-07');
INSERT INTO seller (seller_id, store_name, rating, joined_date) VALUES (88, 'Mega Shop 88', 3.8, '2021-08-03');
INSERT INTO seller (seller_id, store_name, rating, joined_date) VALUES (89, 'Mega Trade 89', 4.5, '2020-02-25');
INSERT INTO seller (seller_id, store_name, rating, joined_date) VALUES (90, 'Quality Goods 90', 4.5, '2024-05-21');
INSERT INTO seller (seller_id, store_name, rating, joined_date) VALUES (91, 'Premium Vendors 91', 4.8, '2021-09-05');
INSERT INTO seller (seller_id, store_name, rating, joined_date) VALUES (92, 'Premium Boutique 92', 3.7, '2024-08-26');
INSERT INTO seller (seller_id, store_name, rating, joined_date) VALUES (93, 'Premium Vendors 93', 3.9, '2021-06-10');
INSERT INTO seller (seller_id, store_name, rating, joined_date) VALUES (94, 'Quality Vendors 94', 4.4, '2022-04-29');
INSERT INTO seller (seller_id, store_name, rating, joined_date) VALUES (95, 'Quality Goods 95', 3.8, '2020-11-09');
INSERT INTO seller (seller_id, store_name, rating, joined_date) VALUES (96, 'Top Mart 96', 3.3, '2022-01-01');
INSERT INTO seller (seller_id, store_name, rating, joined_date) VALUES (97, 'Swift Market 97', 4.7, '2023-02-16');
INSERT INTO seller (seller_id, store_name, rating, joined_date) VALUES (98, 'Swift Shop 98', 3.0, '2022-02-15');
INSERT INTO seller (seller_id, store_name, rating, joined_date) VALUES (99, 'Swift Trade 99', 3.2, '2021-12-14');
INSERT INTO seller (seller_id, store_name, rating, joined_date) VALUES (100, 'Quality Shop 100', 3.1, '2020-03-07');

-- Data generated for product
INSERT INTO product (product_id, product_name, category, brand) VALUES (1, 'Product 1', 'Electronics', 'Lego');
INSERT INTO product (product_id, product_name, category, brand) VALUES (2, 'Product 2', 'Clothing', 'Tesla');
INSERT INTO product (product_id, product_name, category, brand) VALUES (3, 'Product 3', 'Books', 'Sony');
INSERT INTO product (product_id, product_name, category, brand) VALUES (4, 'Product 4', 'Health', 'Nike');
INSERT INTO product (product_id, product_name, category, brand) VALUES (5, 'Product 5', 'Sports', 'Nike');
INSERT INTO product (product_id, product_name, category, brand) VALUES (6, 'Product 6', 'Books', 'Nike');
INSERT INTO product (product_id, product_name, category, brand) VALUES (7, 'Product 7', 'Toys', 'Tesla');
INSERT INTO product (product_id, product_name, category, brand) VALUES (8, 'Product 8', 'Clothing', 'Sony');
INSERT INTO product (product_id, product_name, category, brand) VALUES (9, 'Product 9', 'Sports', 'Apple');
INSERT INTO product (product_id, product_name, category, brand) VALUES (10, 'Product 10', 'Electronics', 'Microsoft');
INSERT INTO product (product_id, product_name, category, brand) VALUES (11, 'Product 11', 'Beauty', 'Sony');
INSERT INTO product (product_id, product_name, category, brand) VALUES (12, 'Product 12', 'Toys', 'Tesla');
INSERT INTO product (product_id, product_name, category, brand) VALUES (13, 'Product 13', 'Toys', 'Amazon');
INSERT INTO product (product_id, product_name, category, brand) VALUES (14, 'Product 14', 'Home & Kitchen', 'Amazon');
INSERT INTO product (product_id, product_name, category, brand) VALUES (15, 'Product 15', 'Clothing', 'Apple');
INSERT INTO product (product_id, product_name, category, brand) VALUES (16, 'Product 16', 'Home & Kitchen', 'KitchenAid');
INSERT INTO product (product_id, product_name, category, brand) VALUES (17, 'Product 17', 'Electronics', 'Microsoft');
INSERT INTO product (product_id, product_name, category, brand) VALUES (18, 'Product 18', 'Garden', 'Apple');
INSERT INTO product (product_id, product_name, category, brand) VALUES (19, 'Product 19', 'Health', 'KitchenAid');
INSERT INTO product (product_id, product_name, category, brand) VALUES (20, 'Product 20', 'Books', 'KitchenAid');
INSERT INTO product (product_id, product_name, category, brand) VALUES (21, 'Product 21', 'Books', 'Microsoft');
INSERT INTO product (product_id, product_name, category, brand) VALUES (22, 'Product 22', 'Clothing', 'Tesla');
INSERT INTO product (product_id, product_name, category, brand) VALUES (23, 'Product 23', 'Toys', 'Samsung');
INSERT INTO product (product_id, product_name, category, brand) VALUES (24, 'Product 24', 'Toys', 'KitchenAid');
INSERT INTO product (product_id, product_name, category, brand) VALUES (25, 'Product 25', 'Sports', 'Nike');
INSERT INTO product (product_id, product_name, category, brand) VALUES (26, 'Product 26', 'Clothing', 'Samsung');
INSERT INTO product (product_id, product_name, category, brand) VALUES (27, 'Product 27', 'Automotive', 'Samsung');
INSERT INTO product (product_id, product_name, category, brand) VALUES (28, 'Product 28', 'Home & Kitchen', 'Nike');
INSERT INTO product (product_id, product_name, category, brand) VALUES (29, 'Product 29', 'Clothing', 'Lego');
INSERT INTO product (product_id, product_name, category, brand) VALUES (30, 'Product 30', 'Beauty', 'Apple');
INSERT INTO product (product_id, product_name, category, brand) VALUES (31, 'Product 31', 'Automotive', 'Tesla');
INSERT INTO product (product_id, product_name, category, brand) VALUES (32, 'Product 32', 'Clothing', 'Nike');
INSERT INTO product (product_id, product_name, category, brand) VALUES (33, 'Product 33', 'Sports', 'Adidas');
INSERT INTO product (product_id, product_name, category, brand) VALUES (34, 'Product 34', 'Health', 'KitchenAid');
INSERT INTO product (product_id, product_name, category, brand) VALUES (35, 'Product 35', 'Automotive', 'Lego');
INSERT INTO product (product_id, product_name, category, brand) VALUES (36, 'Product 36', 'Toys', 'Tesla');
INSERT INTO product (product_id, product_name, category, brand) VALUES (37, 'Product 37', 'Sports', 'Samsung');
INSERT INTO product (product_id, product_name, category, brand) VALUES (38, 'Product 38', 'Books', 'Nike');
INSERT INTO product (product_id, product_name, category, brand) VALUES (39, 'Product 39', 'Clothing', 'Sony');
INSERT INTO product (product_id, product_name, category, brand) VALUES (40, 'Product 40', 'Health', 'Nike');
INSERT INTO product (product_id, product_name, category, brand) VALUES (41, 'Product 41', 'Beauty', 'Apple');
INSERT INTO product (product_id, product_name, category, brand) VALUES (42, 'Product 42', 'Beauty', 'Adidas');
INSERT INTO product (product_id, product_name, category, brand) VALUES (43, 'Product 43', 'Toys', 'Adidas');
INSERT INTO product (product_id, product_name, category, brand) VALUES (44, 'Product 44', 'Toys', 'Tesla');
INSERT INTO product (product_id, product_name, category, brand) VALUES (45, 'Product 45', 'Home & Kitchen', 'Apple');
INSERT INTO product (product_id, product_name, category, brand) VALUES (46, 'Product 46', 'Toys', 'Sony');
INSERT INTO product (product_id, product_name, category, brand) VALUES (47, 'Product 47', 'Automotive', 'Amazon');
INSERT INTO product (product_id, product_name, category, brand) VALUES (48, 'Product 48', 'Toys', 'Lego');
INSERT INTO product (product_id, product_name, category, brand) VALUES (49, 'Product 49', 'Clothing', 'Nike');
INSERT INTO product (product_id, product_name, category, brand) VALUES (50, 'Product 50', 'Electronics', 'Apple');
INSERT INTO product (product_id, product_name, category, brand) VALUES (51, 'Product 51', 'Home & Kitchen', 'Tesla');
INSERT INTO product (product_id, product_name, category, brand) VALUES (52, 'Product 52', 'Garden', 'Nike');
INSERT INTO product (product_id, product_name, category, brand) VALUES (53, 'Product 53', 'Automotive', 'Adidas');
INSERT INTO product (product_id, product_name, category, brand) VALUES (54, 'Product 54', 'Beauty', 'Sony');
INSERT INTO product (product_id, product_name, category, brand) VALUES (55, 'Product 55', 'Books', 'Apple');
INSERT INTO product (product_id, product_name, category, brand) VALUES (56, 'Product 56', 'Health', 'Microsoft');
INSERT INTO product (product_id, product_name, category, brand) VALUES (57, 'Product 57', 'Beauty', 'Apple');
INSERT INTO product (product_id, product_name, category, brand) VALUES (58, 'Product 58', 'Books', 'Sony');
INSERT INTO product (product_id, product_name, category, brand) VALUES (59, 'Product 59', 'Clothing', 'Apple');
INSERT INTO product (product_id, product_name, category, brand) VALUES (60, 'Product 60', 'Health', 'Sony');
INSERT INTO product (product_id, product_name, category, brand) VALUES (61, 'Product 61', 'Clothing', 'Nike');
INSERT INTO product (product_id, product_name, category, brand) VALUES (62, 'Product 62', 'Books', 'Tesla');
INSERT INTO product (product_id, product_name, category, brand) VALUES (63, 'Product 63', 'Sports', 'Apple');
INSERT INTO product (product_id, product_name, category, brand) VALUES (64, 'Product 64', 'Toys', 'Microsoft');
INSERT INTO product (product_id, product_name, category, brand) VALUES (65, 'Product 65', 'Garden', 'Lego');
INSERT INTO product (product_id, product_name, category, brand) VALUES (66, 'Product 66', 'Beauty', 'Microsoft');
INSERT INTO product (product_id, product_name, category, brand) VALUES (67, 'Product 67', 'Books', 'Samsung');
INSERT INTO product (product_id, product_name, category, brand) VALUES (68, 'Product 68', 'Clothing', 'Samsung');
INSERT INTO product (product_id, product_name, category, brand) VALUES (69, 'Product 69', 'Books', 'Amazon');
INSERT INTO product (product_id, product_name, category, brand) VALUES (70, 'Product 70', 'Toys', 'KitchenAid');
INSERT INTO product (product_id, product_name, category, brand) VALUES (71, 'Product 71', 'Books', 'Lego');
INSERT INTO product (product_id, product_name, category, brand) VALUES (72, 'Product 72', 'Books', 'Amazon');
INSERT INTO product (product_id, product_name, category, brand) VALUES (73, 'Product 73', 'Garden', 'Sony');
INSERT INTO product (product_id, product_name, category, brand) VALUES (74, 'Product 74', 'Sports', 'Nike');
INSERT INTO product (product_id, product_name, category, brand) VALUES (75, 'Product 75', 'Beauty', 'Apple');
INSERT INTO product (product_id, product_name, category, brand) VALUES (76, 'Product 76', 'Sports', 'Sony');
INSERT INTO product (product_id, product_name, category, brand) VALUES (77, 'Product 77', 'Sports', 'Samsung');
INSERT INTO product (product_id, product_name, category, brand) VALUES (78, 'Product 78', 'Clothing', 'Apple');
INSERT INTO product (product_id, product_name, category, brand) VALUES (79, 'Product 79', 'Sports', 'Nike');
INSERT INTO product (product_id, product_name, category, brand) VALUES (80, 'Product 80', 'Books', 'Adidas');
INSERT INTO product (product_id, product_name, category, brand) VALUES (81, 'Product 81', 'Books', 'Microsoft');
INSERT INTO product (product_id, product_name, category, brand) VALUES (82, 'Product 82', 'Electronics', 'Nike');
INSERT INTO product (product_id, product_name, category, brand) VALUES (83, 'Product 83', 'Automotive', 'Tesla');
INSERT INTO product (product_id, product_name, category, brand) VALUES (84, 'Product 84', 'Electronics', 'Adidas');
INSERT INTO product (product_id, product_name, category, brand) VALUES (85, 'Product 85', 'Clothing', 'Lego');
INSERT INTO product (product_id, product_name, category, brand) VALUES (86, 'Product 86', 'Beauty', 'KitchenAid');
INSERT INTO product (product_id, product_name, category, brand) VALUES (87, 'Product 87', 'Sports', 'Lego');
INSERT INTO product (product_id, product_name, category, brand) VALUES (88, 'Product 88', 'Beauty', 'Apple');
INSERT INTO product (product_id, product_name, category, brand) VALUES (89, 'Product 89', 'Health', 'Amazon');
INSERT INTO product (product_id, product_name, category, brand) VALUES (90, 'Product 90', 'Electronics', 'Nike');
INSERT INTO product (product_id, product_name, category, brand) VALUES (91, 'Product 91', 'Automotive', 'Amazon');
INSERT INTO product (product_id, product_name, category, brand) VALUES (92, 'Product 92', 'Books', 'Samsung');
INSERT INTO product (product_id, product_name, category, brand) VALUES (93, 'Product 93', 'Clothing', 'Lego');
INSERT INTO product (product_id, product_name, category, brand) VALUES (94, 'Product 94', 'Beauty', 'Samsung');
INSERT INTO product (product_id, product_name, category, brand) VALUES (95, 'Product 95', 'Automotive', 'Lego');
INSERT INTO product (product_id, product_name, category, brand) VALUES (96, 'Product 96', 'Toys', 'Microsoft');
INSERT INTO product (product_id, product_name, category, brand) VALUES (97, 'Product 97', 'Garden', 'Lego');
INSERT INTO product (product_id, product_name, category, brand) VALUES (98, 'Product 98', 'Electronics', 'Tesla');
INSERT INTO product (product_id, product_name, category, brand) VALUES (99, 'Product 99', 'Sports', 'Sony');
INSERT INTO product (product_id, product_name, category, brand) VALUES (100, 'Product 100', 'Books', 'Sony');

-- Data generated for seller_product_price
INSERT INTO seller_product_price (seller_id, product_id, current_price, stock_quantity, updated_at) VALUES (54, 1, 205.53, 544, '2021-10-21 05:26:00');
INSERT INTO seller_product_price (seller_id, product_id, current_price, stock_quantity, updated_at) VALUES (83, 2, 413.98, 686, '2020-07-11 18:09:32');
INSERT INTO seller_product_price (seller_id, product_id, current_price, stock_quantity, updated_at) VALUES (51, 3, 233.04, 344, '2020-03-20 13:43:39');
INSERT INTO seller_product_price (seller_id, product_id, current_price, stock_quantity, updated_at) VALUES (3, 4, 65.49, 192, '2024-07-19 08:25:59');
INSERT INTO seller_product_price (seller_id, product_id, current_price, stock_quantity, updated_at) VALUES (9, 5, 424.78, 676, '2020-09-25 08:32:13');
INSERT INTO seller_product_price (seller_id, product_id, current_price, stock_quantity, updated_at) VALUES (9, 6, 121.35, 777, '2024-02-18 05:08:01');
INSERT INTO seller_product_price (seller_id, product_id, current_price, stock_quantity, updated_at) VALUES (51, 7, 240.03, 599, '2021-10-13 11:45:28');
INSERT INTO seller_product_price (seller_id, product_id, current_price, stock_quantity, updated_at) VALUES (77, 8, 135.23, 919, '2022-09-28 18:48:06');
INSERT INTO seller_product_price (seller_id, product_id, current_price, stock_quantity, updated_at) VALUES (87, 9, 62.13, 841, '2020-12-19 09:51:41');
INSERT INTO seller_product_price (seller_id, product_id, current_price, stock_quantity, updated_at) VALUES (10, 10, 278.87, 410, '2022-06-27 15:10:39');
INSERT INTO seller_product_price (seller_id, product_id, current_price, stock_quantity, updated_at) VALUES (76, 11, 484.71, 530, '2023-05-14 13:11:15');
INSERT INTO seller_product_price (seller_id, product_id, current_price, stock_quantity, updated_at) VALUES (48, 12, 328.18, 891, '2023-02-15 11:36:50');
INSERT INTO seller_product_price (seller_id, product_id, current_price, stock_quantity, updated_at) VALUES (5, 13, 124.71, 846, '2020-08-09 22:24:53');
INSERT INTO seller_product_price (seller_id, product_id, current_price, stock_quantity, updated_at) VALUES (39, 14, 210.83, 602, '2024-07-30 10:23:13');
INSERT INTO seller_product_price (seller_id, product_id, current_price, stock_quantity, updated_at) VALUES (93, 15, 87.61, 847, '2024-08-10 15:06:09');
INSERT INTO seller_product_price (seller_id, product_id, current_price, stock_quantity, updated_at) VALUES (30, 16, 410.47, 719, '2024-04-22 08:35:00');
INSERT INTO seller_product_price (seller_id, product_id, current_price, stock_quantity, updated_at) VALUES (89, 17, 282.14, 460, '2024-04-06 17:02:14');
INSERT INTO seller_product_price (seller_id, product_id, current_price, stock_quantity, updated_at) VALUES (53, 18, 23.62, 826, '2022-10-06 22:12:22');
INSERT INTO seller_product_price (seller_id, product_id, current_price, stock_quantity, updated_at) VALUES (14, 19, 227.58, 83, '2022-11-14 20:28:41');
INSERT INTO seller_product_price (seller_id, product_id, current_price, stock_quantity, updated_at) VALUES (45, 20, 57.35, 254, '2023-05-19 01:04:48');
INSERT INTO seller_product_price (seller_id, product_id, current_price, stock_quantity, updated_at) VALUES (4, 21, 357.39, 637, '2020-01-22 03:53:42');
INSERT INTO seller_product_price (seller_id, product_id, current_price, stock_quantity, updated_at) VALUES (86, 22, 135.33, 769, '2024-09-07 04:04:37');
INSERT INTO seller_product_price (seller_id, product_id, current_price, stock_quantity, updated_at) VALUES (85, 23, 304.27, 511, '2023-09-09 05:07:36');
INSERT INTO seller_product_price (seller_id, product_id, current_price, stock_quantity, updated_at) VALUES (86, 24, 26.47, 844, '2021-10-04 04:10:38');
INSERT INTO seller_product_price (seller_id, product_id, current_price, stock_quantity, updated_at) VALUES (5, 25, 332.88, 300, '2024-02-27 16:38:47');
INSERT INTO seller_product_price (seller_id, product_id, current_price, stock_quantity, updated_at) VALUES (87, 26, 124.69, 255, '2024-12-11 09:36:01');
INSERT INTO seller_product_price (seller_id, product_id, current_price, stock_quantity, updated_at) VALUES (35, 27, 257.69, 521, '2020-02-28 18:10:08');
INSERT INTO seller_product_price (seller_id, product_id, current_price, stock_quantity, updated_at) VALUES (62, 28, 304.38, 707, '2024-07-05 15:38:51');
INSERT INTO seller_product_price (seller_id, product_id, current_price, stock_quantity, updated_at) VALUES (28, 29, 179.35, 470, '2022-11-05 08:29:43');
INSERT INTO seller_product_price (seller_id, product_id, current_price, stock_quantity, updated_at) VALUES (77, 30, 370.11, 332, '2024-06-04 07:33:40');
INSERT INTO seller_product_price (seller_id, product_id, current_price, stock_quantity, updated_at) VALUES (66, 31, 301.87, 492, '2022-06-09 12:13:59');
INSERT INTO seller_product_price (seller_id, product_id, current_price, stock_quantity, updated_at) VALUES (79, 32, 99.35, 744, '2024-11-27 07:26:26');
INSERT INTO seller_product_price (seller_id, product_id, current_price, stock_quantity, updated_at) VALUES (66, 33, 363.31, 201, '2021-09-12 18:46:18');
INSERT INTO seller_product_price (seller_id, product_id, current_price, stock_quantity, updated_at) VALUES (21, 34, 107.05, 741, '2024-10-14 16:05:08');
INSERT INTO seller_product_price (seller_id, product_id, current_price, stock_quantity, updated_at) VALUES (5, 35, 29.26, 840, '2024-03-29 15:36:59');
INSERT INTO seller_product_price (seller_id, product_id, current_price, stock_quantity, updated_at) VALUES (88, 36, 180.21, 174, '2021-04-04 23:10:51');
INSERT INTO seller_product_price (seller_id, product_id, current_price, stock_quantity, updated_at) VALUES (32, 37, 473.3, 581, '2023-07-02 17:20:50');
INSERT INTO seller_product_price (seller_id, product_id, current_price, stock_quantity, updated_at) VALUES (89, 38, 357.71, 508, '2022-09-18 01:07:18');
INSERT INTO seller_product_price (seller_id, product_id, current_price, stock_quantity, updated_at) VALUES (26, 39, 460.99, 282, '2024-10-14 11:46:25');
INSERT INTO seller_product_price (seller_id, product_id, current_price, stock_quantity, updated_at) VALUES (41, 40, 414.11, 272, '2024-05-14 02:20:42');
INSERT INTO seller_product_price (seller_id, product_id, current_price, stock_quantity, updated_at) VALUES (43, 41, 92.38, 686, '2022-12-10 08:54:08');
INSERT INTO seller_product_price (seller_id, product_id, current_price, stock_quantity, updated_at) VALUES (37, 42, 185.68, 737, '2023-01-28 01:58:16');
INSERT INTO seller_product_price (seller_id, product_id, current_price, stock_quantity, updated_at) VALUES (89, 43, 137.75, 20, '2022-03-05 20:53:45');
INSERT INTO seller_product_price (seller_id, product_id, current_price, stock_quantity, updated_at) VALUES (49, 44, 188.91, 640, '2021-05-28 21:58:36');
INSERT INTO seller_product_price (seller_id, product_id, current_price, stock_quantity, updated_at) VALUES (40, 45, 311.98, 387, '2023-08-31 07:29:10');
INSERT INTO seller_product_price (seller_id, product_id, current_price, stock_quantity, updated_at) VALUES (72, 46, 13.63, 660, '2021-10-21 02:15:50');
INSERT INTO seller_product_price (seller_id, product_id, current_price, stock_quantity, updated_at) VALUES (68, 47, 287.41, 164, '2024-12-06 06:13:37');
INSERT INTO seller_product_price (seller_id, product_id, current_price, stock_quantity, updated_at) VALUES (54, 48, 212.6, 844, '2023-10-14 15:59:43');
INSERT INTO seller_product_price (seller_id, product_id, current_price, stock_quantity, updated_at) VALUES (33, 49, 126.58, 24, '2023-03-04 21:35:40');
INSERT INTO seller_product_price (seller_id, product_id, current_price, stock_quantity, updated_at) VALUES (93, 50, 19.1, 935, '2021-12-22 09:54:10');
INSERT INTO seller_product_price (seller_id, product_id, current_price, stock_quantity, updated_at) VALUES (91, 51, 148.57, 298, '2024-08-18 13:07:34');
INSERT INTO seller_product_price (seller_id, product_id, current_price, stock_quantity, updated_at) VALUES (12, 52, 123.43, 374, '2024-03-26 06:08:43');
INSERT INTO seller_product_price (seller_id, product_id, current_price, stock_quantity, updated_at) VALUES (91, 53, 174.47, 434, '2023-04-05 22:33:47');
INSERT INTO seller_product_price (seller_id, product_id, current_price, stock_quantity, updated_at) VALUES (20, 54, 295.9, 520, '2023-11-12 22:18:13');
INSERT INTO seller_product_price (seller_id, product_id, current_price, stock_quantity, updated_at) VALUES (87, 55, 76.12, 15, '2024-09-08 10:29:10');
INSERT INTO seller_product_price (seller_id, product_id, current_price, stock_quantity, updated_at) VALUES (27, 56, 284.74, 164, '2024-08-10 05:00:15');
INSERT INTO seller_product_price (seller_id, product_id, current_price, stock_quantity, updated_at) VALUES (28, 57, 135.09, 488, '2024-04-27 04:55:52');
INSERT INTO seller_product_price (seller_id, product_id, current_price, stock_quantity, updated_at) VALUES (80, 58, 236.15, 586, '2023-06-19 19:57:33');
INSERT INTO seller_product_price (seller_id, product_id, current_price, stock_quantity, updated_at) VALUES (38, 59, 251.71, 396, '2022-09-28 05:23:34');
INSERT INTO seller_product_price (seller_id, product_id, current_price, stock_quantity, updated_at) VALUES (75, 60, 77.27, 76, '2023-09-01 01:43:19');
INSERT INTO seller_product_price (seller_id, product_id, current_price, stock_quantity, updated_at) VALUES (29, 61, 116.63, 689, '2021-07-12 07:04:34');
INSERT INTO seller_product_price (seller_id, product_id, current_price, stock_quantity, updated_at) VALUES (95, 62, 442.56, 688, '2022-06-14 15:00:11');
INSERT INTO seller_product_price (seller_id, product_id, current_price, stock_quantity, updated_at) VALUES (52, 63, 57.85, 262, '2023-11-09 19:10:27');
INSERT INTO seller_product_price (seller_id, product_id, current_price, stock_quantity, updated_at) VALUES (30, 64, 246.23, 197, '2024-05-30 12:19:40');
INSERT INTO seller_product_price (seller_id, product_id, current_price, stock_quantity, updated_at) VALUES (14, 65, 365.5, 887, '2021-10-27 01:00:23');
INSERT INTO seller_product_price (seller_id, product_id, current_price, stock_quantity, updated_at) VALUES (77, 66, 54.95, 672, '2023-06-29 09:18:27');
INSERT INTO seller_product_price (seller_id, product_id, current_price, stock_quantity, updated_at) VALUES (70, 67, 50.76, 738, '2023-11-23 22:19:08');
INSERT INTO seller_product_price (seller_id, product_id, current_price, stock_quantity, updated_at) VALUES (94, 68, 304.55, 915, '2022-03-08 22:55:34');
INSERT INTO seller_product_price (seller_id, product_id, current_price, stock_quantity, updated_at) VALUES (40, 69, 498.09, 900, '2023-11-22 00:20:21');
INSERT INTO seller_product_price (seller_id, product_id, current_price, stock_quantity, updated_at) VALUES (42, 70, 220.39, 766, '2022-10-11 11:56:12');
INSERT INTO seller_product_price (seller_id, product_id, current_price, stock_quantity, updated_at) VALUES (58, 71, 456.92, 207, '2024-12-23 12:12:18');
INSERT INTO seller_product_price (seller_id, product_id, current_price, stock_quantity, updated_at) VALUES (48, 72, 316.21, 645, '2020-07-04 01:02:24');
INSERT INTO seller_product_price (seller_id, product_id, current_price, stock_quantity, updated_at) VALUES (62, 73, 341.64, 842, '2023-09-03 15:07:11');
INSERT INTO seller_product_price (seller_id, product_id, current_price, stock_quantity, updated_at) VALUES (1, 74, 127.85, 507, '2023-02-14 09:58:32');
INSERT INTO seller_product_price (seller_id, product_id, current_price, stock_quantity, updated_at) VALUES (27, 75, 142.88, 946, '2021-10-23 08:22:48');
INSERT INTO seller_product_price (seller_id, product_id, current_price, stock_quantity, updated_at) VALUES (34, 76, 396.79, 253, '2022-12-05 23:56:23');
INSERT INTO seller_product_price (seller_id, product_id, current_price, stock_quantity, updated_at) VALUES (21, 77, 127.52, 324, '2023-12-14 19:17:37');
INSERT INTO seller_product_price (seller_id, product_id, current_price, stock_quantity, updated_at) VALUES (68, 78, 315.22, 346, '2022-07-26 23:31:02');
INSERT INTO seller_product_price (seller_id, product_id, current_price, stock_quantity, updated_at) VALUES (2, 79, 64.0, 334, '2021-04-23 07:06:01');
INSERT INTO seller_product_price (seller_id, product_id, current_price, stock_quantity, updated_at) VALUES (90, 80, 23.5, 996, '2023-10-31 18:58:25');
INSERT INTO seller_product_price (seller_id, product_id, current_price, stock_quantity, updated_at) VALUES (22, 81, 413.19, 985, '2022-07-01 05:17:35');
INSERT INTO seller_product_price (seller_id, product_id, current_price, stock_quantity, updated_at) VALUES (68, 82, 8.53, 935, '2021-03-07 22:02:27');
INSERT INTO seller_product_price (seller_id, product_id, current_price, stock_quantity, updated_at) VALUES (33, 83, 383.0, 293, '2022-12-15 03:08:18');
INSERT INTO seller_product_price (seller_id, product_id, current_price, stock_quantity, updated_at) VALUES (22, 84, 223.4, 371, '2020-12-19 08:38:17');
INSERT INTO seller_product_price (seller_id, product_id, current_price, stock_quantity, updated_at) VALUES (52, 85, 276.08, 164, '2022-12-16 04:08:05');
INSERT INTO seller_product_price (seller_id, product_id, current_price, stock_quantity, updated_at) VALUES (11, 86, 467.72, 511, '2023-11-03 23:18:00');
INSERT INTO seller_product_price (seller_id, product_id, current_price, stock_quantity, updated_at) VALUES (44, 87, 474.37, 580, '2021-11-26 00:15:07');
INSERT INTO seller_product_price (seller_id, product_id, current_price, stock_quantity, updated_at) VALUES (6, 88, 108.46, 318, '2024-12-16 14:18:35');
INSERT INTO seller_product_price (seller_id, product_id, current_price, stock_quantity, updated_at) VALUES (31, 89, 386.32, 67, '2020-03-30 09:27:55');
INSERT INTO seller_product_price (seller_id, product_id, current_price, stock_quantity, updated_at) VALUES (69, 90, 79.44, 545, '2023-10-08 20:31:57');
INSERT INTO seller_product_price (seller_id, product_id, current_price, stock_quantity, updated_at) VALUES (59, 91, 93.18, 435, '2021-07-13 11:20:57');
INSERT INTO seller_product_price (seller_id, product_id, current_price, stock_quantity, updated_at) VALUES (51, 92, 8.27, 190, '2023-08-22 15:00:53');
INSERT INTO seller_product_price (seller_id, product_id, current_price, stock_quantity, updated_at) VALUES (21, 93, 187.43, 666, '2021-10-20 08:51:09');
INSERT INTO seller_product_price (seller_id, product_id, current_price, stock_quantity, updated_at) VALUES (66, 94, 238.49, 759, '2024-11-24 23:52:25');
INSERT INTO seller_product_price (seller_id, product_id, current_price, stock_quantity, updated_at) VALUES (43, 95, 32.73, 543, '2023-01-29 07:57:56');
INSERT INTO seller_product_price (seller_id, product_id, current_price, stock_quantity, updated_at) VALUES (83, 96, 41.43, 798, '2021-08-08 06:38:05');
INSERT INTO seller_product_price (seller_id, product_id, current_price, stock_quantity, updated_at) VALUES (98, 97, 103.18, 619, '2020-08-07 21:40:40');
INSERT INTO seller_product_price (seller_id, product_id, current_price, stock_quantity, updated_at) VALUES (36, 98, 210.49, 619, '2022-12-11 17:07:52');
INSERT INTO seller_product_price (seller_id, product_id, current_price, stock_quantity, updated_at) VALUES (7, 99, 249.4, 183, '2022-06-25 18:02:02');
INSERT INTO seller_product_price (seller_id, product_id, current_price, stock_quantity, updated_at) VALUES (47, 100, 64.81, 767, '2023-01-25 13:36:27');

-- Data generated for "orders"
INSERT INTO "orders" (order_id, customer_id, shipping_address_id, order_date, total_order_amount, status) VALUES (1, 76, 76, '2024-06-14 04:48:15', 371.43, 'delivered');
INSERT INTO "orders" (order_id, customer_id, shipping_address_id, order_date, total_order_amount, status) VALUES (2, 95, 95, '2021-10-28 14:52:39', 481.87, 'pending');
INSERT INTO "orders" (order_id, customer_id, shipping_address_id, order_date, total_order_amount, status) VALUES (3, 100, 100, '2021-07-31 19:23:58', 493.77, 'pending');
INSERT INTO "orders" (order_id, customer_id, shipping_address_id, order_date, total_order_amount, status) VALUES (4, 78, 78, '2020-12-12 11:14:54', 433.87, 'cancelled');
INSERT INTO "orders" (order_id, customer_id, shipping_address_id, order_date, total_order_amount, status) VALUES (5, 83, 83, '2020-08-15 14:58:10', 845.51, 'cancelled');
INSERT INTO "orders" (order_id, customer_id, shipping_address_id, order_date, total_order_amount, status) VALUES (6, 75, 75, '2023-09-15 18:58:28', 459.41, 'delivered');
INSERT INTO "orders" (order_id, customer_id, shipping_address_id, order_date, total_order_amount, status) VALUES (7, 96, 96, '2024-08-28 09:35:29', 264.18, 'shipped');
INSERT INTO "orders" (order_id, customer_id, shipping_address_id, order_date, total_order_amount, status) VALUES (8, 10, 10, '2020-12-28 03:09:11', 807.11, 'shipped');
INSERT INTO "orders" (order_id, customer_id, shipping_address_id, order_date, total_order_amount, status) VALUES (9, 76, 76, '2021-05-21 15:44:05', 319.67, 'pending');
INSERT INTO "orders" (order_id, customer_id, shipping_address_id, order_date, total_order_amount, status) VALUES (10, 59, 59, '2022-11-20 00:53:46', 593.24, 'cancelled');
INSERT INTO "orders" (order_id, customer_id, shipping_address_id, order_date, total_order_amount, status) VALUES (11, 43, 43, '2024-10-05 21:06:18', 854.23, 'shipped');
INSERT INTO "orders" (order_id, customer_id, shipping_address_id, order_date, total_order_amount, status) VALUES (12, 6, 6, '2020-09-17 08:44:58', 467.04, 'cancelled');
INSERT INTO "orders" (order_id, customer_id, shipping_address_id, order_date, total_order_amount, status) VALUES (13, 10, 10, '2024-04-17 11:32:52', 958.61, 'shipped');
INSERT INTO "orders" (order_id, customer_id, shipping_address_id, order_date, total_order_amount, status) VALUES (14, 29, 29, '2023-10-20 00:08:00', 549.15, 'delivered');
INSERT INTO "orders" (order_id, customer_id, shipping_address_id, order_date, total_order_amount, status) VALUES (15, 58, 58, '2023-05-03 07:43:42', 769.21, 'shipped');
INSERT INTO "orders" (order_id, customer_id, shipping_address_id, order_date, total_order_amount, status) VALUES (16, 29, 29, '2022-04-18 05:00:48', 461.24, 'cancelled');
INSERT INTO "orders" (order_id, customer_id, shipping_address_id, order_date, total_order_amount, status) VALUES (17, 70, 70, '2024-09-05 05:33:42', 299.99, 'shipped');
INSERT INTO "orders" (order_id, customer_id, shipping_address_id, order_date, total_order_amount, status) VALUES (18, 76, 76, '2024-01-05 11:46:50', 187.46, 'delivered');
INSERT INTO "orders" (order_id, customer_id, shipping_address_id, order_date, total_order_amount, status) VALUES (19, 95, 95, '2024-07-09 00:15:09', 387.86, 'shipped');
INSERT INTO "orders" (order_id, customer_id, shipping_address_id, order_date, total_order_amount, status) VALUES (20, 20, 20, '2020-02-09 20:30:21', 689.47, 'cancelled');
INSERT INTO "orders" (order_id, customer_id, shipping_address_id, order_date, total_order_amount, status) VALUES (21, 3, 3, '2022-01-21 15:41:47', 412.31, 'pending');
INSERT INTO "orders" (order_id, customer_id, shipping_address_id, order_date, total_order_amount, status) VALUES (22, 81, 81, '2020-03-29 04:04:35', 424.89, 'delivered');
INSERT INTO "orders" (order_id, customer_id, shipping_address_id, order_date, total_order_amount, status) VALUES (23, 65, 65, '2020-10-28 10:16:04', 326.56, 'cancelled');
INSERT INTO "orders" (order_id, customer_id, shipping_address_id, order_date, total_order_amount, status) VALUES (24, 91, 91, '2023-05-06 19:27:11', 450.54, 'delivered');
INSERT INTO "orders" (order_id, customer_id, shipping_address_id, order_date, total_order_amount, status) VALUES (25, 48, 48, '2024-05-29 14:06:33', 567.72, 'shipped');
INSERT INTO "orders" (order_id, customer_id, shipping_address_id, order_date, total_order_amount, status) VALUES (26, 29, 29, '2020-11-26 04:53:38', 553.17, 'delivered');
INSERT INTO "orders" (order_id, customer_id, shipping_address_id, order_date, total_order_amount, status) VALUES (27, 18, 18, '2020-04-19 02:05:46', 128.36, 'cancelled');
INSERT INTO "orders" (order_id, customer_id, shipping_address_id, order_date, total_order_amount, status) VALUES (28, 28, 28, '2023-10-18 10:22:51', 671.96, 'shipped');
INSERT INTO "orders" (order_id, customer_id, shipping_address_id, order_date, total_order_amount, status) VALUES (29, 53, 53, '2024-11-19 04:42:54', 420.83, 'shipped');
INSERT INTO "orders" (order_id, customer_id, shipping_address_id, order_date, total_order_amount, status) VALUES (30, 3, 3, '2023-01-20 01:13:27', 547.61, 'delivered');
INSERT INTO "orders" (order_id, customer_id, shipping_address_id, order_date, total_order_amount, status) VALUES (31, 7, 7, '2023-02-02 13:44:49', 175.26, 'shipped');
INSERT INTO "orders" (order_id, customer_id, shipping_address_id, order_date, total_order_amount, status) VALUES (32, 22, 22, '2023-05-14 18:42:18', 597.05, 'delivered');
INSERT INTO "orders" (order_id, customer_id, shipping_address_id, order_date, total_order_amount, status) VALUES (33, 60, 60, '2024-02-24 01:35:51', 822.63, 'cancelled');
INSERT INTO "orders" (order_id, customer_id, shipping_address_id, order_date, total_order_amount, status) VALUES (34, 72, 72, '2021-06-18 05:57:12', 589.4, 'pending');
INSERT INTO "orders" (order_id, customer_id, shipping_address_id, order_date, total_order_amount, status) VALUES (35, 85, 85, '2023-06-15 20:59:48', 27.76, 'shipped');
INSERT INTO "orders" (order_id, customer_id, shipping_address_id, order_date, total_order_amount, status) VALUES (36, 7, 7, '2020-05-28 00:34:10', 653.08, 'pending');
INSERT INTO "orders" (order_id, customer_id, shipping_address_id, order_date, total_order_amount, status) VALUES (37, 91, 91, '2024-10-14 17:09:39', 880.51, 'pending');
INSERT INTO "orders" (order_id, customer_id, shipping_address_id, order_date, total_order_amount, status) VALUES (38, 48, 48, '2023-03-21 09:34:22', 186.61, 'pending');
INSERT INTO "orders" (order_id, customer_id, shipping_address_id, order_date, total_order_amount, status) VALUES (39, 85, 85, '2024-10-18 11:16:34', 916.54, 'pending');
INSERT INTO "orders" (order_id, customer_id, shipping_address_id, order_date, total_order_amount, status) VALUES (40, 77, 77, '2020-09-16 10:11:55', 71.51, 'cancelled');
INSERT INTO "orders" (order_id, customer_id, shipping_address_id, order_date, total_order_amount, status) VALUES (41, 18, 18, '2024-01-18 07:26:04', 57.94, 'shipped');
INSERT INTO "orders" (order_id, customer_id, shipping_address_id, order_date, total_order_amount, status) VALUES (42, 9, 9, '2023-09-12 16:43:48', 62.35, 'shipped');
INSERT INTO "orders" (order_id, customer_id, shipping_address_id, order_date, total_order_amount, status) VALUES (43, 60, 60, '2023-03-26 13:07:10', 684.12, 'cancelled');
INSERT INTO "orders" (order_id, customer_id, shipping_address_id, order_date, total_order_amount, status) VALUES (44, 5, 5, '2021-05-30 19:31:14', 82.59, 'delivered');
INSERT INTO "orders" (order_id, customer_id, shipping_address_id, order_date, total_order_amount, status) VALUES (45, 15, 15, '2023-02-23 20:03:54', 873.73, 'shipped');
INSERT INTO "orders" (order_id, customer_id, shipping_address_id, order_date, total_order_amount, status) VALUES (46, 69, 69, '2024-04-05 20:21:54', 833.62, 'delivered');
INSERT INTO "orders" (order_id, customer_id, shipping_address_id, order_date, total_order_amount, status) VALUES (47, 46, 46, '2022-05-03 03:25:47', 602.88, 'delivered');
INSERT INTO "orders" (order_id, customer_id, shipping_address_id, order_date, total_order_amount, status) VALUES (48, 71, 71, '2020-04-27 11:43:17', 561.7, 'pending');
INSERT INTO "orders" (order_id, customer_id, shipping_address_id, order_date, total_order_amount, status) VALUES (49, 40, 40, '2023-03-16 02:58:52', 760.07, 'cancelled');
INSERT INTO "orders" (order_id, customer_id, shipping_address_id, order_date, total_order_amount, status) VALUES (50, 67, 67, '2022-06-24 02:48:34', 468.49, 'delivered');
INSERT INTO "orders" (order_id, customer_id, shipping_address_id, order_date, total_order_amount, status) VALUES (51, 97, 97, '2022-10-18 22:27:30', 193.36, 'cancelled');
INSERT INTO "orders" (order_id, customer_id, shipping_address_id, order_date, total_order_amount, status) VALUES (52, 1, 1, '2021-06-08 23:31:21', 705.58, 'delivered');
INSERT INTO "orders" (order_id, customer_id, shipping_address_id, order_date, total_order_amount, status) VALUES (53, 77, 77, '2020-07-27 06:01:06', 125.85, 'pending');
INSERT INTO "orders" (order_id, customer_id, shipping_address_id, order_date, total_order_amount, status) VALUES (54, 40, 40, '2023-06-15 08:33:16', 834.51, 'shipped');
INSERT INTO "orders" (order_id, customer_id, shipping_address_id, order_date, total_order_amount, status) VALUES (55, 63, 63, '2020-02-24 12:24:16', 810.02, 'cancelled');
INSERT INTO "orders" (order_id, customer_id, shipping_address_id, order_date, total_order_amount, status) VALUES (56, 12, 12, '2021-06-14 18:59:05', 346.82, 'delivered');
INSERT INTO "orders" (order_id, customer_id, shipping_address_id, order_date, total_order_amount, status) VALUES (57, 15, 15, '2024-04-21 18:27:03', 531.54, 'shipped');
INSERT INTO "orders" (order_id, customer_id, shipping_address_id, order_date, total_order_amount, status) VALUES (58, 15, 15, '2023-02-14 13:30:28', 485.62, 'delivered');
INSERT INTO "orders" (order_id, customer_id, shipping_address_id, order_date, total_order_amount, status) VALUES (59, 85, 85, '2022-10-26 17:14:39', 911.36, 'delivered');
INSERT INTO "orders" (order_id, customer_id, shipping_address_id, order_date, total_order_amount, status) VALUES (60, 46, 46, '2022-10-15 12:23:29', 802.62, 'cancelled');
INSERT INTO "orders" (order_id, customer_id, shipping_address_id, order_date, total_order_amount, status) VALUES (61, 54, 54, '2024-02-07 11:35:42', 395.87, 'shipped');
INSERT INTO "orders" (order_id, customer_id, shipping_address_id, order_date, total_order_amount, status) VALUES (62, 3, 3, '2022-10-06 18:56:20', 716.32, 'cancelled');
INSERT INTO "orders" (order_id, customer_id, shipping_address_id, order_date, total_order_amount, status) VALUES (63, 90, 90, '2022-09-17 01:24:11', 759.68, 'pending');
INSERT INTO "orders" (order_id, customer_id, shipping_address_id, order_date, total_order_amount, status) VALUES (64, 71, 71, '2023-04-07 00:28:18', 633.71, 'cancelled');
INSERT INTO "orders" (order_id, customer_id, shipping_address_id, order_date, total_order_amount, status) VALUES (65, 44, 44, '2024-10-15 21:50:15', 735.2, 'cancelled');
INSERT INTO "orders" (order_id, customer_id, shipping_address_id, order_date, total_order_amount, status) VALUES (66, 3, 3, '2022-07-09 18:53:15', 505.24, 'delivered');
INSERT INTO "orders" (order_id, customer_id, shipping_address_id, order_date, total_order_amount, status) VALUES (67, 80, 80, '2022-03-25 13:54:35', 658.19, 'cancelled');
INSERT INTO "orders" (order_id, customer_id, shipping_address_id, order_date, total_order_amount, status) VALUES (68, 7, 7, '2021-01-17 14:42:38', 916.1, 'cancelled');
INSERT INTO "orders" (order_id, customer_id, shipping_address_id, order_date, total_order_amount, status) VALUES (69, 13, 13, '2021-12-23 23:23:07', 461.91, 'pending');
INSERT INTO "orders" (order_id, customer_id, shipping_address_id, order_date, total_order_amount, status) VALUES (70, 99, 99, '2021-07-02 19:35:09', 30.7, 'cancelled');
INSERT INTO "orders" (order_id, customer_id, shipping_address_id, order_date, total_order_amount, status) VALUES (71, 46, 46, '2021-04-08 19:14:11', 766.15, 'shipped');
INSERT INTO "orders" (order_id, customer_id, shipping_address_id, order_date, total_order_amount, status) VALUES (72, 96, 96, '2021-06-13 07:04:22', 692.4, 'pending');
INSERT INTO "orders" (order_id, customer_id, shipping_address_id, order_date, total_order_amount, status) VALUES (73, 62, 62, '2024-09-04 12:11:34', 656.01, 'shipped');
INSERT INTO "orders" (order_id, customer_id, shipping_address_id, order_date, total_order_amount, status) VALUES (74, 79, 79, '2024-01-05 14:08:28', 938.36, 'cancelled');
INSERT INTO "orders" (order_id, customer_id, shipping_address_id, order_date, total_order_amount, status) VALUES (75, 79, 79, '2022-09-25 04:04:55', 85.29, 'shipped');
INSERT INTO "orders" (order_id, customer_id, shipping_address_id, order_date, total_order_amount, status) VALUES (76, 26, 26, '2024-05-20 21:59:10', 530.56, 'cancelled');
INSERT INTO "orders" (order_id, customer_id, shipping_address_id, order_date, total_order_amount, status) VALUES (77, 38, 38, '2020-11-26 17:25:45', 258.04, 'shipped');
INSERT INTO "orders" (order_id, customer_id, shipping_address_id, order_date, total_order_amount, status) VALUES (78, 7, 7, '2024-06-04 03:20:50', 46.05, 'cancelled');
INSERT INTO "orders" (order_id, customer_id, shipping_address_id, order_date, total_order_amount, status) VALUES (79, 88, 88, '2021-07-02 02:17:38', 64.28, 'cancelled');
INSERT INTO "orders" (order_id, customer_id, shipping_address_id, order_date, total_order_amount, status) VALUES (80, 5, 5, '2023-07-18 06:33:41', 735.42, 'shipped');
INSERT INTO "orders" (order_id, customer_id, shipping_address_id, order_date, total_order_amount, status) VALUES (81, 63, 63, '2020-12-16 05:45:48', 824.76, 'pending');
INSERT INTO "orders" (order_id, customer_id, shipping_address_id, order_date, total_order_amount, status) VALUES (82, 49, 49, '2023-01-03 16:00:44', 294.57, 'delivered');
INSERT INTO "orders" (order_id, customer_id, shipping_address_id, order_date, total_order_amount, status) VALUES (83, 9, 9, '2022-04-10 08:29:50', 787.34, 'cancelled');
INSERT INTO "orders" (order_id, customer_id, shipping_address_id, order_date, total_order_amount, status) VALUES (84, 98, 98, '2023-03-25 18:00:27', 773.73, 'cancelled');
INSERT INTO "orders" (order_id, customer_id, shipping_address_id, order_date, total_order_amount, status) VALUES (85, 32, 32, '2023-07-06 05:55:56', 808.14, 'cancelled');
INSERT INTO "orders" (order_id, customer_id, shipping_address_id, order_date, total_order_amount, status) VALUES (86, 28, 28, '2020-01-29 13:07:35', 203.31, 'cancelled');
INSERT INTO "orders" (order_id, customer_id, shipping_address_id, order_date, total_order_amount, status) VALUES (87, 93, 93, '2023-08-05 07:00:23', 129.95, 'pending');
INSERT INTO "orders" (order_id, customer_id, shipping_address_id, order_date, total_order_amount, status) VALUES (88, 14, 14, '2021-01-05 15:03:59', 136.71, 'cancelled');
INSERT INTO "orders" (order_id, customer_id, shipping_address_id, order_date, total_order_amount, status) VALUES (89, 86, 86, '2024-06-09 10:55:15', 687.76, 'delivered');
INSERT INTO "orders" (order_id, customer_id, shipping_address_id, order_date, total_order_amount, status) VALUES (90, 14, 14, '2022-01-17 18:50:39', 937.85, 'shipped');
INSERT INTO "orders" (order_id, customer_id, shipping_address_id, order_date, total_order_amount, status) VALUES (91, 100, 100, '2022-09-26 01:02:01', 468.48, 'delivered');
INSERT INTO "orders" (order_id, customer_id, shipping_address_id, order_date, total_order_amount, status) VALUES (92, 38, 38, '2021-10-15 11:33:59', 712.32, 'shipped');
INSERT INTO "orders" (order_id, customer_id, shipping_address_id, order_date, total_order_amount, status) VALUES (93, 38, 38, '2021-08-17 10:35:56', 47.68, 'cancelled');
INSERT INTO "orders" (order_id, customer_id, shipping_address_id, order_date, total_order_amount, status) VALUES (94, 8, 8, '2024-03-14 00:49:24', 696.73, 'delivered');
INSERT INTO "orders" (order_id, customer_id, shipping_address_id, order_date, total_order_amount, status) VALUES (95, 63, 63, '2024-11-26 02:50:38', 817.24, 'delivered');
INSERT INTO "orders" (order_id, customer_id, shipping_address_id, order_date, total_order_amount, status) VALUES (96, 96, 96, '2024-07-23 01:10:27', 444.89, 'delivered');
INSERT INTO "orders" (order_id, customer_id, shipping_address_id, order_date, total_order_amount, status) VALUES (97, 3, 3, '2022-10-10 11:13:10', 956.82, 'pending');
INSERT INTO "orders" (order_id, customer_id, shipping_address_id, order_date, total_order_amount, status) VALUES (98, 1, 1, '2022-02-26 19:18:06', 301.76, 'shipped');
INSERT INTO "orders" (order_id, customer_id, shipping_address_id, order_date, total_order_amount, status) VALUES (99, 99, 99, '2024-02-17 12:08:01', 382.28, 'pending');
INSERT INTO "orders" (order_id, customer_id, shipping_address_id, order_date, total_order_amount, status) VALUES (100, 94, 94, '2022-05-06 07:12:16', 992.25, 'shipped');

-- Data generated for order_line
INSERT INTO order_line (order_line_id, order_id, product_id, seller_id, quantity, unit_price_at_sale) VALUES (1, 17, 19, 3, 2, 406.77);
INSERT INTO order_line (order_line_id, order_id, product_id, seller_id, quantity, unit_price_at_sale) VALUES (2, 5, 2, 22, 3, 190.02);
INSERT INTO order_line (order_line_id, order_id, product_id, seller_id, quantity, unit_price_at_sale) VALUES (3, 32, 39, 65, 3, 279.48);
INSERT INTO order_line (order_line_id, order_id, product_id, seller_id, quantity, unit_price_at_sale) VALUES (4, 48, 60, 77, 5, 261.3);
INSERT INTO order_line (order_line_id, order_id, product_id, seller_id, quantity, unit_price_at_sale) VALUES (5, 71, 90, 97, 5, 75.75);
INSERT INTO order_line (order_line_id, order_id, product_id, seller_id, quantity, unit_price_at_sale) VALUES (6, 69, 52, 87, 1, 58.81);
INSERT INTO order_line (order_line_id, order_id, product_id, seller_id, quantity, unit_price_at_sale) VALUES (7, 6, 85, 2, 4, 417.5);
INSERT INTO order_line (order_line_id, order_id, product_id, seller_id, quantity, unit_price_at_sale) VALUES (8, 29, 52, 73, 2, 193.53);
INSERT INTO order_line (order_line_id, order_id, product_id, seller_id, quantity, unit_price_at_sale) VALUES (9, 22, 92, 99, 1, 389.29);
INSERT INTO order_line (order_line_id, order_id, product_id, seller_id, quantity, unit_price_at_sale) VALUES (10, 17, 82, 3, 3, 239.57);
INSERT INTO order_line (order_line_id, order_id, product_id, seller_id, quantity, unit_price_at_sale) VALUES (11, 54, 31, 39, 2, 162.46);
INSERT INTO order_line (order_line_id, order_id, product_id, seller_id, quantity, unit_price_at_sale) VALUES (12, 48, 88, 33, 4, 105.81);
INSERT INTO order_line (order_line_id, order_id, product_id, seller_id, quantity, unit_price_at_sale) VALUES (13, 43, 36, 23, 2, 463.31);
INSERT INTO order_line (order_line_id, order_id, product_id, seller_id, quantity, unit_price_at_sale) VALUES (14, 58, 46, 5, 3, 466.17);
INSERT INTO order_line (order_line_id, order_id, product_id, seller_id, quantity, unit_price_at_sale) VALUES (15, 28, 98, 69, 5, 255.16);
INSERT INTO order_line (order_line_id, order_id, product_id, seller_id, quantity, unit_price_at_sale) VALUES (16, 21, 21, 44, 4, 261.76);
INSERT INTO order_line (order_line_id, order_id, product_id, seller_id, quantity, unit_price_at_sale) VALUES (17, 91, 28, 36, 3, 91.69);
INSERT INTO order_line (order_line_id, order_id, product_id, seller_id, quantity, unit_price_at_sale) VALUES (18, 40, 98, 33, 4, 325.65);
INSERT INTO order_line (order_line_id, order_id, product_id, seller_id, quantity, unit_price_at_sale) VALUES (19, 65, 89, 22, 4, 456.2);
INSERT INTO order_line (order_line_id, order_id, product_id, seller_id, quantity, unit_price_at_sale) VALUES (20, 40, 85, 45, 2, 269.88);
INSERT INTO order_line (order_line_id, order_id, product_id, seller_id, quantity, unit_price_at_sale) VALUES (21, 22, 23, 54, 5, 147.28);
INSERT INTO order_line (order_line_id, order_id, product_id, seller_id, quantity, unit_price_at_sale) VALUES (22, 31, 81, 19, 4, 5.2);
INSERT INTO order_line (order_line_id, order_id, product_id, seller_id, quantity, unit_price_at_sale) VALUES (23, 30, 90, 100, 2, 406.0);
INSERT INTO order_line (order_line_id, order_id, product_id, seller_id, quantity, unit_price_at_sale) VALUES (24, 60, 14, 73, 5, 61.79);
INSERT INTO order_line (order_line_id, order_id, product_id, seller_id, quantity, unit_price_at_sale) VALUES (25, 33, 44, 35, 5, 93.01);
INSERT INTO order_line (order_line_id, order_id, product_id, seller_id, quantity, unit_price_at_sale) VALUES (26, 28, 89, 98, 2, 59.79);
INSERT INTO order_line (order_line_id, order_id, product_id, seller_id, quantity, unit_price_at_sale) VALUES (27, 79, 81, 23, 1, 31.85);
INSERT INTO order_line (order_line_id, order_id, product_id, seller_id, quantity, unit_price_at_sale) VALUES (28, 12, 62, 43, 1, 67.44);
INSERT INTO order_line (order_line_id, order_id, product_id, seller_id, quantity, unit_price_at_sale) VALUES (29, 58, 42, 95, 1, 220.07);
INSERT INTO order_line (order_line_id, order_id, product_id, seller_id, quantity, unit_price_at_sale) VALUES (30, 17, 68, 72, 4, 340.94);
INSERT INTO order_line (order_line_id, order_id, product_id, seller_id, quantity, unit_price_at_sale) VALUES (31, 92, 54, 53, 4, 364.67);
INSERT INTO order_line (order_line_id, order_id, product_id, seller_id, quantity, unit_price_at_sale) VALUES (32, 15, 51, 23, 1, 316.04);
INSERT INTO order_line (order_line_id, order_id, product_id, seller_id, quantity, unit_price_at_sale) VALUES (33, 15, 9, 5, 3, 85.57);
INSERT INTO order_line (order_line_id, order_id, product_id, seller_id, quantity, unit_price_at_sale) VALUES (34, 18, 25, 29, 3, 364.33);
INSERT INTO order_line (order_line_id, order_id, product_id, seller_id, quantity, unit_price_at_sale) VALUES (35, 80, 72, 79, 4, 416.01);
INSERT INTO order_line (order_line_id, order_id, product_id, seller_id, quantity, unit_price_at_sale) VALUES (36, 58, 3, 84, 5, 307.68);
INSERT INTO order_line (order_line_id, order_id, product_id, seller_id, quantity, unit_price_at_sale) VALUES (37, 3, 18, 16, 1, 356.62);
INSERT INTO order_line (order_line_id, order_id, product_id, seller_id, quantity, unit_price_at_sale) VALUES (38, 30, 18, 78, 4, 344.56);
INSERT INTO order_line (order_line_id, order_id, product_id, seller_id, quantity, unit_price_at_sale) VALUES (39, 62, 22, 50, 2, 494.41);
INSERT INTO order_line (order_line_id, order_id, product_id, seller_id, quantity, unit_price_at_sale) VALUES (40, 30, 27, 56, 5, 340.3);
INSERT INTO order_line (order_line_id, order_id, product_id, seller_id, quantity, unit_price_at_sale) VALUES (41, 97, 78, 8, 3, 188.07);
INSERT INTO order_line (order_line_id, order_id, product_id, seller_id, quantity, unit_price_at_sale) VALUES (42, 13, 30, 18, 3, 42.39);
INSERT INTO order_line (order_line_id, order_id, product_id, seller_id, quantity, unit_price_at_sale) VALUES (43, 3, 6, 67, 1, 19.48);
INSERT INTO order_line (order_line_id, order_id, product_id, seller_id, quantity, unit_price_at_sale) VALUES (44, 60, 37, 60, 5, 150.09);
INSERT INTO order_line (order_line_id, order_id, product_id, seller_id, quantity, unit_price_at_sale) VALUES (45, 63, 97, 88, 1, 405.43);
INSERT INTO order_line (order_line_id, order_id, product_id, seller_id, quantity, unit_price_at_sale) VALUES (46, 43, 13, 32, 5, 439.14);
INSERT INTO order_line (order_line_id, order_id, product_id, seller_id, quantity, unit_price_at_sale) VALUES (47, 39, 99, 62, 2, 257.87);
INSERT INTO order_line (order_line_id, order_id, product_id, seller_id, quantity, unit_price_at_sale) VALUES (48, 85, 10, 25, 3, 283.02);
INSERT INTO order_line (order_line_id, order_id, product_id, seller_id, quantity, unit_price_at_sale) VALUES (49, 8, 7, 17, 2, 281.06);
INSERT INTO order_line (order_line_id, order_id, product_id, seller_id, quantity, unit_price_at_sale) VALUES (50, 31, 86, 40, 2, 288.51);
INSERT INTO order_line (order_line_id, order_id, product_id, seller_id, quantity, unit_price_at_sale) VALUES (51, 15, 98, 13, 2, 474.73);
INSERT INTO order_line (order_line_id, order_id, product_id, seller_id, quantity, unit_price_at_sale) VALUES (52, 37, 40, 29, 4, 330.34);
INSERT INTO order_line (order_line_id, order_id, product_id, seller_id, quantity, unit_price_at_sale) VALUES (53, 62, 52, 16, 1, 125.62);
INSERT INTO order_line (order_line_id, order_id, product_id, seller_id, quantity, unit_price_at_sale) VALUES (54, 55, 88, 84, 2, 396.19);
INSERT INTO order_line (order_line_id, order_id, product_id, seller_id, quantity, unit_price_at_sale) VALUES (55, 81, 47, 27, 4, 393.04);
INSERT INTO order_line (order_line_id, order_id, product_id, seller_id, quantity, unit_price_at_sale) VALUES (56, 21, 1, 25, 5, 416.82);
INSERT INTO order_line (order_line_id, order_id, product_id, seller_id, quantity, unit_price_at_sale) VALUES (57, 29, 2, 59, 4, 421.66);
INSERT INTO order_line (order_line_id, order_id, product_id, seller_id, quantity, unit_price_at_sale) VALUES (58, 60, 5, 78, 3, 36.21);
INSERT INTO order_line (order_line_id, order_id, product_id, seller_id, quantity, unit_price_at_sale) VALUES (59, 29, 95, 90, 4, 113.02);
INSERT INTO order_line (order_line_id, order_id, product_id, seller_id, quantity, unit_price_at_sale) VALUES (60, 63, 20, 17, 5, 182.23);
INSERT INTO order_line (order_line_id, order_id, product_id, seller_id, quantity, unit_price_at_sale) VALUES (61, 18, 74, 55, 3, 85.33);
INSERT INTO order_line (order_line_id, order_id, product_id, seller_id, quantity, unit_price_at_sale) VALUES (62, 95, 95, 59, 1, 299.71);
INSERT INTO order_line (order_line_id, order_id, product_id, seller_id, quantity, unit_price_at_sale) VALUES (63, 9, 25, 93, 1, 20.7);
INSERT INTO order_line (order_line_id, order_id, product_id, seller_id, quantity, unit_price_at_sale) VALUES (64, 89, 90, 27, 3, 190.15);
INSERT INTO order_line (order_line_id, order_id, product_id, seller_id, quantity, unit_price_at_sale) VALUES (65, 46, 96, 76, 1, 457.4);
INSERT INTO order_line (order_line_id, order_id, product_id, seller_id, quantity, unit_price_at_sale) VALUES (66, 47, 61, 67, 4, 490.75);
INSERT INTO order_line (order_line_id, order_id, product_id, seller_id, quantity, unit_price_at_sale) VALUES (67, 5, 68, 89, 3, 361.57);
INSERT INTO order_line (order_line_id, order_id, product_id, seller_id, quantity, unit_price_at_sale) VALUES (68, 43, 68, 2, 5, 101.27);
INSERT INTO order_line (order_line_id, order_id, product_id, seller_id, quantity, unit_price_at_sale) VALUES (69, 71, 19, 90, 5, 290.05);
INSERT INTO order_line (order_line_id, order_id, product_id, seller_id, quantity, unit_price_at_sale) VALUES (70, 24, 72, 15, 1, 369.43);
INSERT INTO order_line (order_line_id, order_id, product_id, seller_id, quantity, unit_price_at_sale) VALUES (71, 71, 88, 57, 1, 227.59);
INSERT INTO order_line (order_line_id, order_id, product_id, seller_id, quantity, unit_price_at_sale) VALUES (72, 85, 86, 11, 4, 35.08);
INSERT INTO order_line (order_line_id, order_id, product_id, seller_id, quantity, unit_price_at_sale) VALUES (73, 1, 8, 58, 2, 247.77);
INSERT INTO order_line (order_line_id, order_id, product_id, seller_id, quantity, unit_price_at_sale) VALUES (74, 43, 65, 36, 1, 73.01);
INSERT INTO order_line (order_line_id, order_id, product_id, seller_id, quantity, unit_price_at_sale) VALUES (75, 70, 10, 96, 1, 116.13);
INSERT INTO order_line (order_line_id, order_id, product_id, seller_id, quantity, unit_price_at_sale) VALUES (76, 33, 51, 52, 5, 304.07);
INSERT INTO order_line (order_line_id, order_id, product_id, seller_id, quantity, unit_price_at_sale) VALUES (77, 86, 30, 83, 4, 226.95);
INSERT INTO order_line (order_line_id, order_id, product_id, seller_id, quantity, unit_price_at_sale) VALUES (78, 15, 55, 68, 1, 380.86);
INSERT INTO order_line (order_line_id, order_id, product_id, seller_id, quantity, unit_price_at_sale) VALUES (79, 100, 50, 81, 5, 45.4);
INSERT INTO order_line (order_line_id, order_id, product_id, seller_id, quantity, unit_price_at_sale) VALUES (80, 84, 67, 27, 5, 183.17);
INSERT INTO order_line (order_line_id, order_id, product_id, seller_id, quantity, unit_price_at_sale) VALUES (81, 90, 56, 76, 5, 45.25);
INSERT INTO order_line (order_line_id, order_id, product_id, seller_id, quantity, unit_price_at_sale) VALUES (82, 72, 20, 21, 3, 304.94);
INSERT INTO order_line (order_line_id, order_id, product_id, seller_id, quantity, unit_price_at_sale) VALUES (83, 66, 34, 57, 5, 149.46);
INSERT INTO order_line (order_line_id, order_id, product_id, seller_id, quantity, unit_price_at_sale) VALUES (84, 70, 55, 65, 5, 278.54);
INSERT INTO order_line (order_line_id, order_id, product_id, seller_id, quantity, unit_price_at_sale) VALUES (85, 35, 8, 33, 1, 462.21);
INSERT INTO order_line (order_line_id, order_id, product_id, seller_id, quantity, unit_price_at_sale) VALUES (86, 4, 3, 47, 1, 470.69);
INSERT INTO order_line (order_line_id, order_id, product_id, seller_id, quantity, unit_price_at_sale) VALUES (87, 86, 75, 87, 3, 35.45);
INSERT INTO order_line (order_line_id, order_id, product_id, seller_id, quantity, unit_price_at_sale) VALUES (88, 53, 45, 28, 1, 7.07);
INSERT INTO order_line (order_line_id, order_id, product_id, seller_id, quantity, unit_price_at_sale) VALUES (89, 53, 83, 63, 2, 421.92);
INSERT INTO order_line (order_line_id, order_id, product_id, seller_id, quantity, unit_price_at_sale) VALUES (90, 72, 83, 7, 2, 44.21);
INSERT INTO order_line (order_line_id, order_id, product_id, seller_id, quantity, unit_price_at_sale) VALUES (91, 23, 70, 12, 2, 5.21);
INSERT INTO order_line (order_line_id, order_id, product_id, seller_id, quantity, unit_price_at_sale) VALUES (92, 8, 13, 21, 2, 460.95);
INSERT INTO order_line (order_line_id, order_id, product_id, seller_id, quantity, unit_price_at_sale) VALUES (93, 33, 16, 16, 1, 367.58);
INSERT INTO order_line (order_line_id, order_id, product_id, seller_id, quantity, unit_price_at_sale) VALUES (94, 62, 18, 80, 5, 497.75);
INSERT INTO order_line (order_line_id, order_id, product_id, seller_id, quantity, unit_price_at_sale) VALUES (95, 20, 30, 42, 4, 9.6);
INSERT INTO order_line (order_line_id, order_id, product_id, seller_id, quantity, unit_price_at_sale) VALUES (96, 38, 16, 80, 2, 402.0);
INSERT INTO order_line (order_line_id, order_id, product_id, seller_id, quantity, unit_price_at_sale) VALUES (97, 60, 26, 80, 4, 407.56);
INSERT INTO order_line (order_line_id, order_id, product_id, seller_id, quantity, unit_price_at_sale) VALUES (98, 4, 30, 61, 4, 332.98);
INSERT INTO order_line (order_line_id, order_id, product_id, seller_id, quantity, unit_price_at_sale) VALUES (99, 88, 36, 54, 1, 63.91);
INSERT INTO order_line (order_line_id, order_id, product_id, seller_id, quantity, unit_price_at_sale) VALUES (100, 49, 41, 16, 1, 134.26);